"SPECIES","YEAR","DAYNO","NM"
"Comma",2011,90,0.00163071169172393
"Comma",2011,91,0.00187683848413006
"Comma",2011,92,0.00214821338888858
"Comma",2011,93,0.00244438041708499
"Comma",2011,94,0.00276401937983547
"Comma",2011,95,0.0031048050536953
"Comma",2011,96,0.00346328799918001
"Comma",2011,97,0.00383481088509688
"Comma",2011,98,0.00421347499163564
"Comma",2011,99,0.00459217118375859
"Comma",2011,100,0.00496268774889216
"Comma",2011,101,0.00531590386269298
"Comma",2011,102,0.00564207202775445
"Comma",2011,103,0.0059311857845487
"Comma",2011,104,0.00617342074183191
"Comma",2011,105,0.00635962820355765
"Comma",2011,106,0.00648185230639375
"Comma",2011,107,0.00653383470944259
"Comma",2011,108,0.00651203788485863
"Comma",2011,109,0.00641986938500934
"Comma",2011,110,0.00626499884051082
"Comma",2011,111,0.00605657703054421
"Comma",2011,112,0.00580458080676575
"Comma",2011,113,0.00551922072164258
"Comma",2011,114,0.00521043361195467
"Comma",2011,115,0.00488748112181109
"Comma",2011,116,0.00455866165062956
"Comma",2011,117,0.00423113210561795
"Comma",2011,118,0.00391082775347205
"Comma",2011,119,0.00360246349022021
"Comma",2011,120,0.00330959767239889
"Comma",2011,121,0.00303473972906677
"Comma",2011,122,0.00277948445864873
"Comma",2011,123,0.00254465857818221
"Comma",2011,124,0.00233046819359947
"Comma",2011,125,0.00213663898079589
"Comma",2011,126,0.00196254372328641
"Comma",2011,127,0.00180731427895351
"Comma",2011,128,0.00166993697994172
"Comma",2011,129,0.00154930306729506
"Comma",2011,130,0.00144382731294023
"Comma",2011,131,0.00135171091650955
"Comma",2011,132,0.00127140837202851
"Comma",2011,133,0.00120160567857309
"Comma",2011,134,0.00114118884738616
"Comma",2011,135,0.0010892176967853
"Comma",2011,136,0.00104490417454442
"Comma",2011,137,0.00100759458994766
"Comma",2011,138,0.000976755260683326
"Comma",2011,139,0.000951961187566308
"Comma",2011,140,0.000932887466705134
"Comma",2011,141,0.00091930323784483
"Comma",2011,142,0.000911068052791955
"Comma",2011,143,0.000908130632707105
"Comma",2011,144,0.000910530071548133
"Comma",2011,145,0.000918399639490724
"Comma",2011,146,0.000931973449974445
"Comma",2011,147,0.000951596383538691
"Comma",2011,148,0.000977737818920461
"Comma",2011,149,0.00101100991742153
"Comma",2011,150,0.00105218775972667
"Comma",2011,151,0.00110201085030704
"Comma",2011,152,0.00116102468020449
"Comma",2011,153,0.00122986077488361
"Comma",2011,154,0.00130925827642109
"Comma",2011,155,0.00140005644795827
"Comma",2011,156,0.00150318545986819
"Comma",2011,157,0.00161965438074104
"Comma",2011,158,0.00175053524384601
"Comma",2011,159,0.00189694200965334
"Comma",2011,160,0.00206000321587476
"Comma",2011,161,0.00224082711986667
"Comma",2011,162,0.00244045821891743
"Comma",2011,163,0.0026598242095523
"Comma",2011,164,0.00289967274690305
"Comma",2011,165,0.00316049781841069
"Comma",2011,166,0.00344245617809262
"Comma",2011,167,0.00374527511575671
"Comma",2011,168,0.00406815386377814
"Comma",2011,169,0.0044096621562409
"Comma",2011,170,0.00476764080842014
"Comma",2011,171,0.00513911119785895
"Comma",2011,172,0.00552083652279424
"Comma",2011,173,0.00591077416666445
"Comma",2011,174,0.00630699411950044
"Comma",2011,175,0.00670741287159759
"Comma",2011,176,0.00710981306443389
"Comma",2011,177,0.0075118659028763
"Comma",2011,178,0.00791115597701601
"Comma",2011,179,0.00830520808196702
"Comma",2011,180,0.00869151557372646
"Comma",2011,181,0.00906756976021639
"Comma",2011,182,0.009430889800027
"Comma",2011,183,0.00977905256788118
"Comma",2011,184,0.010109721945744
"Comma",2011,185,0.0104206770116841
"Comma",2011,186,0.0107098386245262
"Comma",2011,187,0.0109752939400937
"Comma",2011,188,0.0112153184431777
"Comma",2011,189,0.0114283951367235
"Comma",2011,190,0.0116132305943309
"Comma",2011,191,0.0117687676520815
"Comma",2011,192,0.0118941945889007
"Comma",2011,193,0.0119887482237445
"Comma",2011,194,0.0120507751142478
"Comma",2011,195,0.0120784662064298
"Comma",2011,196,0.0120702861951422
"Comma",2011,197,0.0120250150152979
"Comma",2011,198,0.0119417857660329
"Comma",2011,199,0.011820118240653
"Comma",2011,200,0.0116599468601802
"Comma",2011,201,0.0114616418704602
"Comma",2011,202,0.0112260227721885
"Comma",2011,203,0.0109543631103758
"Comma",2011,204,0.0106483859529705
"Comma",2011,205,0.0103102496334705
"Comma",2011,206,0.0099425236127904
"Comma",2011,207,0.00954815462243321
"Comma",2011,208,0.00913042357302534
"Comma",2011,209,0.00869289403664639
"Comma",2011,210,0.00823935342405082
"Comma",2011,211,0.00777374826425402
"Comma",2011,212,0.00730011523971151
"Comma",2011,213,0.00682250982222038
"Comma",2011,214,0.00634525850683924
"Comma",2011,215,0.00587595517937648
"Comma",2011,216,0.00542289600494081
"Comma",2011,217,0.0049924088039353
"Comma",2011,218,0.00458899392712438
"Comma",2011,219,0.00421556431290172
"Comma",2011,220,0.00387371142875798
"Comma",2011,221,0.00356397406738691
"Comma",2011,222,0.00328609372424221
"Comma",2011,223,0.00303924641077578
"Comma",2011,224,0.00282224589676963
"Comma",2011,225,0.00263371741189575
"Comma",2011,226,0.00247224383134014
"Comma",2011,227,0.00233648849445983
"Comma",2011,228,0.00222530029239483
"Comma",2011,229,0.00213780777436981
"Comma",2011,230,0.00207351004489166
"Comma",2011,231,0.00203237346009784
"Comma",2011,232,0.00201494493374172
"Comma",2011,233,0.00202249547961098
"Comma",2011,234,0.0020572120704742
"Comma",2011,235,0.00212239041779114
"Comma",2011,236,0.0022205670804967
"Comma",2011,237,0.0023529490170242
"Comma",2011,238,0.00252150453804139
"Comma",2011,239,0.00272894150266369
"Comma",2011,240,0.00297854764654687
"Comma",2011,241,0.00327400507698534
"Comma",2011,242,0.00361915542931277
"Comma",2011,243,0.00401769374369699
"Comma",2011,244,0.00447277187471509
"Comma",2011,245,0.00498649757058465
"Comma",2011,246,0.00555932465878896
"Comma",2011,247,0.00618934430352473
"Comma",2011,248,0.0068715078342805
"Comma",2011,249,0.00759683800667036
"Comma",2011,250,0.00835171603920863
"Comma",2011,251,0.00911736258181431
"Comma",2011,252,0.00986965571499434
"Comma",2011,253,0.010579439737793
"Comma",2011,254,0.0112134652517202
"Comma",2011,255,0.0117360550771888
"Comma",2011,256,0.0121115481451737
"Comma",2011,257,0.0123141065979683
"Comma",2011,258,0.0123386180425614
"Comma",2011,259,0.0121895762442032
"Comma",2011,260,0.0118786554652329
"Comma",2011,261,0.0114235389684679
"Comma",2011,262,0.0108464312130736
"Comma",2011,263,0.010172413280008
"Comma",2011,264,0.00942779587040919
"Comma",2011,265,0.00863860275459142
"Comma",2011,266,0.00782928510499917
"Comma",2011,267,0.00702172956034298
"Comma",2011,268,0.00623458554850448
"Comma",2011,269,0.00548290462388296
"Comma",2011,270,0.00477805913865581
"Comma",2011,271,0.0041278907114055
"Comma",2011,272,0.00353703057768275
"Comma",2011,273,0.0030073329019595
"Comma",2011,274,0.00253836679787616
"Comma",2011,275,0.00212792122400327
"Comma",2012,90,0.00133537412724793
"Comma",2012,91,0.00150530641899157
"Comma",2012,92,0.00168921307367946
"Comma",2012,93,0.00188647341703302
"Comma",2012,94,0.00209600759451586
"Comma",2012,95,0.0023162215146413
"Comma",2012,96,0.00254496362272541
"Comma",2012,97,0.0027794987679457
"Comma",2012,98,0.00301650453745223
"Comma",2012,99,0.00325209513045703
"Comma",2012,100,0.00348187704918808
"Comma",2012,101,0.00370103953866015
"Comma",2012,102,0.00390448080487281
"Comma",2012,103,0.00408696863179736
"Comma",2012,104,0.00424333122072252
"Comma",2012,105,0.00436867108254709
"Comma",2012,106,0.00445859188175864
"Comma",2012,107,0.00450942556660758
"Comma",2012,108,0.004518445251161
"Comma",2012,109,0.0044844087364479
"Comma",2012,110,0.00441012495277392
"Comma",2012,111,0.00430070307853009
"Comma",2012,112,0.00416183656125144
"Comma",2012,113,0.00399946328137734
"Comma",2012,114,0.0038194750174434
"Comma",2012,115,0.00362748007748232
"Comma",2012,116,0.0034286245932623
"Comma",2012,117,0.00322747219395931
"Comma",2012,118,0.00302793739411615
"Comma",2012,119,0.00283326513685644
"Comma",2012,120,0.00264604742392014
"Comma",2012,121,0.00246826761206172
"Comma",2012,122,0.00230136347465476
"Comma",2012,123,0.0021463012252665
"Comma",2012,124,0.00200365411352734
"Comma",2012,125,0.00187368072037123
"Comma",2012,126,0.00175639954545581
"Comma",2012,127,0.00165165779657839
"Comma",2012,128,0.00155919341044125
"Comma",2012,129,0.00147869024629462
"Comma",2012,130,0.00140978144832251
"Comma",2012,131,0.00135136058822163
"Comma",2012,132,0.0013018610499718
"Comma",2012,133,0.00125995140667484
"Comma",2012,134,0.00122450506221437
"Comma",2012,135,0.00119455692672751
"Comma",2012,136,0.0011692690216394
"Comma",2012,137,0.00114790305878869
"Comma",2012,138,0.00112979853954836
"Comma",2012,139,0.00111435529539687
"Comma",2012,140,0.00110101967421382
"Comma",2012,141,0.00108927378998955
"Comma",2012,142,0.00107862741401283
"Comma",2012,143,0.00106861220431633
"Comma",2012,144,0.00105877805503754
"Comma",2012,145,0.00104869140370927
"Comma",2012,146,0.00103793536596027
"Comma",2012,147,0.001026111576283
"Comma",2012,148,0.00101284360254457
"Comma",2012,149,0.000997781772921975
"Comma",2012,150,0.000980609209512648
"Comma",2012,151,0.000961054652205106
"Comma",2012,152,0.000939236395596382
"Comma",2012,153,0.000915809457250398
"Comma",2012,154,0.000891432624250206
"Comma",2012,155,0.000866712220369482
"Comma",2012,156,0.000842197829897118
"Comma",2012,157,0.000818381728505512
"Comma",2012,158,0.000795701443831729
"Comma",2012,159,0.00077454488271942
"Comma",2012,160,0.000755257522505165
"Comma",2012,161,0.000738151258326632
"Comma",2012,162,0.000723514617542863
"Comma",2012,163,0.000711624189517686
"Comma",2012,164,0.000702757271440679
"Comma",2012,165,0.000697205899847402
"Comma",2012,166,0.000695292628901262
"Comma",2012,167,0.00069738864144513
"Comma",2012,168,0.000703935054983057
"Comma",2012,169,0.000715468638382599
"Comma",2012,170,0.000732653624436885
"Comma",2012,171,0.000756321944008869
"Comma",2012,172,0.000787524885869503
"Comma",2012,173,0.000827376773720791
"Comma",2012,174,0.000876630894067581
"Comma",2012,175,0.000936131835482252
"Comma",2012,176,0.00100692341862822
"Comma",2012,177,0.00109025337687968
"Comma",2012,178,0.0011875786992549
"Comma",2012,179,0.00130056992270828
"Comma",2012,180,0.00143111241394253
"Comma",2012,181,0.00158130234736409
"Comma",2012,182,0.00175343468914666
"Comma",2012,183,0.0019499800699373
"Comma",2012,184,0.00217354701614675
"Comma",2012,185,0.0024268256749067
"Comma",2012,186,0.00271250899386918
"Comma",2012,187,0.00303318740880708
"Comma",2012,188,0.00339121357387225
"Comma",2012,189,0.00378853467919807
"Comma",2012,190,0.0042264915772704
"Comma",2012,191,0.00470558640378361
"Comma",2012,192,0.00522522370552644
"Comma",2012,193,0.00578343427189155
"Comma",2012,194,0.00637677894174444
"Comma",2012,195,0.00700109912305214
"Comma",2012,196,0.00765101986272667
"Comma",2012,197,0.0083195459822554
"Comma",2012,198,0.00899800175078458
"Comma",2012,199,0.00967603935106082
"Comma",2012,200,0.0103417310679059
"Comma",2012,201,0.0109817580535852
"Comma",2012,202,0.0115817043828877
"Comma",2012,203,0.0121264591684237
"Comma",2012,204,0.0126007218957682
"Comma",2012,205,0.0129895972219129
"Comma",2012,206,0.0132792558719387
"Comma",2012,207,0.013457628817592
"Comma",2012,208,0.0135150936624221
"Comma",2012,209,0.0134451062178685
"Comma",2012,210,0.0132447277197061
"Comma",2012,211,0.0129149998929816
"Comma",2012,212,0.0124611266516556
"Comma",2012,213,0.0118924326345147
"Comma",2012,214,0.0112220844457963
"Comma",2012,215,0.0104675547550145
"Comma",2012,216,0.00965908125529351
"Comma",2012,217,0.00883077554104643
"Comma",2012,218,0.00801111488733192
"Comma",2012,219,0.00722232121862919
"Comma",2012,220,0.00648050731810638
"Comma",2012,221,0.00579626475811933
"Comma",2012,222,0.00517550898553393
"Comma",2012,223,0.00462042793614035
"Comma",2012,224,0.00413042038942837
"Comma",2012,225,0.00370295019196891
"Comma",2012,226,0.00333427705299204
"Comma",2012,227,0.00302005139737866
"Comma",2012,228,0.00275577947469306
"Comma",2012,229,0.00253717663582874
"Comma",2012,230,0.0023604331211608
"Comma",2012,231,0.0022224197587616
"Comma",2012,232,0.00212086249032624
"Comma",2012,233,0.00205451635963637
"Comma",2012,234,0.0020233732598269
"Comma",2012,235,0.00202894538732585
"Comma",2012,236,0.00207458099880098
"Comma",2012,237,0.00216301729361125
"Comma",2012,238,0.00229577962070834
"Comma",2012,239,0.00247611744807643
"Comma",2012,240,0.00270902712970577
"Comma",2012,241,0.00300114354665957
"Comma",2012,242,0.00336063784281198
"Comma",2012,243,0.00379706839319371
"Comma",2012,244,0.00432112786744714
"Comma",2012,245,0.00494422285798226
"Comma",2012,246,0.00567781726563685
"Comma",2012,247,0.00653247065334555
"Comma",2012,248,0.00751651342226439
"Comma",2012,249,0.00863432817682626
"Comma",2012,250,0.0098842572580855
"Comma",2012,251,0.011256234555135
"Comma",2012,252,0.0127293451955884
"Comma",2012,253,0.0142696414106845
"Comma",2012,254,0.0158286673427713
"Comma",2012,255,0.0173432375025022
"Comma",2012,256,0.0187370298436353
"Comma",2012,257,0.0199245327853941
"Comma",2012,258,0.0208315704136042
"Comma",2012,259,0.0214218029169777
"Comma",2012,260,0.0216781603830664
"Comma",2012,261,0.0215999865755698
"Comma",2012,262,0.0212022251217207
"Comma",2012,263,0.0205134430082897
"Comma",2012,264,0.0195729861015764
"Comma",2012,265,0.0184276213834671
"Comma",2012,266,0.0171280290634247
"Comma",2012,267,0.0157254713965575
"Comma",2012,268,0.0142688962231855
"Comma",2012,269,0.012802646783725
"Comma",2012,270,0.0113648597239595
"Comma",2012,271,0.00998655229007289
"Comma",2012,272,0.00869133559254237
"Comma",2012,273,0.00749564742147038
"Comma",2012,274,0.00640937564911678
"Comma",2012,275,0.00543673920135839
"Comma",2013,90,0.000280080351639887
"Comma",2013,91,0.000384842202402604
"Comma",2013,92,0.000523158499036361
"Comma",2013,93,0.000703111919667607
"Comma",2013,94,0.000933568638317933
"Comma",2013,95,0.00122373872006222
"Comma",2013,96,0.00158249315512368
"Comma",2013,97,0.00201741713792524
"Comma",2013,98,0.00253361332766655
"Comma",2013,99,0.00313231740571397
"Comma",2013,100,0.00380944781673603
"Comma",2013,101,0.00455427411249116
"Comma",2013,102,0.00534844104221027
"Comma",2013,103,0.00616561218715425
"Comma",2013,104,0.00697198072277181
"Comma",2013,105,0.00772782304356474
"Comma",2013,106,0.00839014012701765
"Comma",2013,107,0.00891625232518575
"Comma",2013,108,0.00926967571155839
"Comma",2013,109,0.00943631933258937
"Comma",2013,110,0.00942060042031966
"Comma",2013,111,0.00923796237861149
"Comma",2013,112,0.00891208321692934
"Comma",2013,113,0.00847171819542388
"Comma",2013,114,0.00794761423086841
"Comma",2013,115,0.00736985346150614
"Comma",2013,116,0.00676583665683071
"Comma",2013,117,0.00615897629998045
"Comma",2013,118,0.00556805749835464
"Comma",2013,119,0.00500715263157369
"Comma",2013,120,0.00448594221639851
"Comma",2013,121,0.00401029233828208
"Comma",2013,122,0.00358295776122187
"Comma",2013,123,0.00320430928853644
"Comma",2013,124,0.00287301596651441
"Comma",2013,125,0.00258664189229421
"Comma",2013,126,0.0023421408941909
"Comma",2013,127,0.00213624940970234
"Comma",2013,128,0.00196578903897356
"Comma",2013,129,0.00182776538523411
"Comma",2013,130,0.00171749218880642
"Comma",2013,131,0.00162954878002519
"Comma",2013,132,0.0015596593040197
"Comma",2013,133,0.00150443490956117
"Comma",2013,134,0.00146113336879679
"Comma",2013,135,0.00142748192453399
"Comma",2013,136,0.00140154544895111
"Comma",2013,137,0.00138162782126904
"Comma",2013,138,0.00136619841784124
"Comma",2013,139,0.00135383836648273
"Comma",2013,140,0.00134320313044167
"Comma",2013,141,0.00133299929266893
"Comma",2013,142,0.00132197424974584
"Comma",2013,143,0.00130891797870924
"Comma",2013,144,0.00129267615575949
"Comma",2013,145,0.00127217371495487
"Comma",2013,146,0.00124644747069587
"Comma",2013,147,0.00121468573957191
"Comma",2013,148,0.00117627206224768
"Comma",2013,149,0.00113082925624315
"Comma",2013,150,0.0010782734997299
"Comma",2013,151,0.00101963457321924
"Comma",2013,152,0.000957233612786322
"Comma",2013,153,0.000893241683400252
"Comma",2013,154,0.000829502240830505
"Comma",2013,155,0.000767509172172023
"Comma",2013,156,0.000708413617353172
"Comma",2013,157,0.000653051498652631
"Comma",2013,158,0.000601984141759386
"Comma",2013,159,0.000555545518821437
"Comma",2013,160,0.000513891118878555
"Comma",2013,161,0.000477044978023923
"Comma",2013,162,0.000444942800876076
"Comma",2013,163,0.000417470284367566
"Comma",2013,164,0.000394496692023693
"Comma",2013,165,0.000375904449229677
"Comma",2013,166,0.000361616098081797
"Comma",2013,167,0.000351620447418228
"Comma",2013,168,0.000346000282076065
"Comma",2013,169,0.000344964683105472
"Comma",2013,170,0.000348890027598257
"Comma",2013,171,0.00035837513824593
"Comma",2013,172,0.000374121992381676
"Comma",2013,173,0.000396594388419267
"Comma",2013,174,0.000426434216252321
"Comma",2013,175,0.000464562198840619
"Comma",2013,176,0.000512196055231962
"Comma",2013,177,0.000570878015019673
"Comma",2013,178,0.000642509165225449
"Comma",2013,179,0.000729387720631763
"Comma",2013,180,0.000834247418444059
"Comma",2013,181,0.000960290848861143
"Comma",2013,182,0.00111121065190771
"Comma",2013,183,0.00129118918538098
"Comma",2013,184,0.00150486462762716
"Comma",2013,185,0.00175724877865994
"Comma",2013,186,0.00205357949755348
"Comma",2013,187,0.00239908941576904
"Comma",2013,188,0.00279867318483506
"Comma",2013,189,0.00325643914987477
"Comma",2013,190,0.00377513918662194
"Comma",2013,191,0.0043554835876323
"Comma",2013,192,0.0049953669778234
"Comma",2013,193,0.0056897468629791
"Comma",2013,194,0.00643391071552325
"Comma",2013,195,0.00722234525891758
"Comma",2013,196,0.0080476167983689
"Comma",2013,197,0.00890034525885659
"Comma",2013,198,0.00976925932022753
"Comma",2013,199,0.0106413404062812
"Comma",2013,200,0.0115020604121231
"Comma",2013,201,0.0123357130494595
"Comma",2013,202,0.0131258329883201
"Comma",2013,203,0.0138556909256921
"Comma",2013,204,0.0145088467467448
"Comma",2013,205,0.0150697375428475
"Comma",2013,206,0.0155242729028188
"Comma",2013,207,0.0158604070541588
"Comma",2013,208,0.0160686564695122
"Comma",2013,209,0.0161425327111695
"Comma",2013,210,0.0160788636387314
"Comma",2013,211,0.0158779815406226
"Comma",2013,212,0.0155437639662333
"Comma",2013,213,0.0150835215541404
"Comma",2013,214,0.0145085086058904
"Comma",2013,215,0.0138411702574032
"Comma",2013,216,0.0131093992682705
"Comma",2013,217,0.0123391580273096
"Comma",2013,218,0.011553507001647
"Comma",2013,219,0.0107721036189562
"Comma",2013,220,0.0100110219199766
"Comma",2013,221,0.00928282827637281
"Comma",2013,222,0.00859684407022588
"Comma",2013,223,0.007959530041326
"Comma",2013,224,0.00737493608984509
"Comma",2013,225,0.00684517205948753
"Comma",2013,226,0.00637086737757815
"Comma",2013,227,0.00595159900162289
"Comma",2013,228,0.00558627713229115
"Comma",2013,229,0.00527348631670676
"Comma",2013,230,0.00501178597284104
"Comma",2013,231,0.00479997936232024
"Comma",2013,232,0.00463736414336494
"Comma",2013,233,0.00452398149333087
"Comma",2013,234,0.00446088517742952
"Comma",2013,235,0.00445032013848664
"Comma",2013,236,0.00449203711885197
"Comma",2013,237,0.00458266471224687
"Comma",2013,238,0.00471987007241284
"Comma",2013,239,0.00490223092127666
"Comma",2013,240,0.0051288948560447
"Comma",2013,241,0.00539926551600227
"Comma",2013,242,0.00571269424583686
"Comma",2013,243,0.00606816289607444
"Comma",2013,244,0.00646394993460466
"Comma",2013,245,0.00689727892222546
"Comma",2013,246,0.00736395615199886
"Comma",2013,247,0.00785801307492768
"Comma",2013,248,0.0083713788595978
"Comma",2013,249,0.00889361841862054
"Comma",2013,250,0.00941178029451873
"Comma",2013,251,0.00991040518707148
"Comma",2013,252,0.0103717474114419
"Comma",2013,253,0.010776255776638
"Comma",2013,254,0.0111033450743126
"Comma",2013,255,0.011332463238327
"Comma",2013,256,0.0114444531698982
"Comma",2013,257,0.0114280045456127
"Comma",2013,258,0.0112862698012965
"Comma",2013,259,0.0110277007164838
"Comma",2013,260,0.0106640921251274
"Comma",2013,261,0.0102097952642654
"Comma",2013,262,0.00968086715749289
"Comma",2013,263,0.00909421933954066
"Comma",2013,264,0.00846682101542816
"Comma",2013,265,0.00781499993075967
"Comma",2013,266,0.00715387054557569
"Comma",2013,267,0.0064969051855868
"Comma",2013,268,0.00585565104688072
"Comma",2013,269,0.00523958522860203
"Comma",2013,270,0.00465609192537613
"Comma",2013,271,0.00411054070341573
"Comma",2013,272,0.00360644226786229
"Comma",2013,273,0.00314565793068001
"Comma",2013,274,0.00272864060005151
"Comma",2013,275,0.00235468797706872
"Comma",2014,90,0.00198740236618519
"Comma",2014,91,0.00231328917073149
"Comma",2014,92,0.00267170202049742
"Comma",2014,93,0.0030600910572993
"Comma",2014,94,0.00347410693397267
"Comma",2014,95,0.00390740817337102
"Comma",2014,96,0.00435156435112358
"Comma",2014,97,0.00479609012853819
"Comma",2014,98,0.00522864097504157
"Comma",2014,99,0.00563539203273422
"Comma",2014,100,0.00600160675391949
"Comma",2014,101,0.00631238228671555
"Comma",2014,102,0.00655353569531379
"Comma",2014,103,0.00671257159228716
"Comma",2014,104,0.00677965105415513
"Comma",2014,105,0.00674846759047068
"Comma",2014,106,0.00661693198491521
"Comma",2014,107,0.00638757655859739
"Comma",2014,108,0.00606846199468438
"Comma",2014,109,0.00567809552039798
"Comma",2014,110,0.00523910683569369
"Comma",2014,111,0.00477301390973274
"Comma",2014,112,0.00429892048800048
"Comma",2014,113,0.00383272601575581
"Comma",2014,114,0.00338678921759664
"Comma",2014,115,0.00296996257249888
"Comma",2014,116,0.00258789457781561
"Comma",2014,117,0.00224349633081037
"Comma",2014,118,0.00193748213855051
"Comma",2014,119,0.00166891414131437
"Comma",2014,120,0.00143570299801699
"Comma",2014,121,0.00123503688369661
"Comma",2014,122,0.00106372738089564
"Comma",2014,123,0.00091847263478385
"Comma",2014,124,0.000796045623530489
"Comma",2014,125,0.000693419313536279
"Comma",2014,126,0.000607841751559988
"Comma",2014,127,0.000536873692131502
"Comma",2014,128,0.000478399924652019
"Comma",2014,129,0.000430605499870954
"Comma",2014,130,0.000391689163229455
"Comma",2014,131,0.000359995683451354
"Comma",2014,132,0.000334239418196437
"Comma",2014,133,0.000313424945300331
"Comma",2014,134,0.000296780834880384
"Comma",2014,135,0.000283710513457433
"Comma",2014,136,0.000273755702108371
"Comma",2014,137,0.000266569199289114
"Comma",2014,138,0.000261894689934969
"Comma",2014,139,0.000259551912325488
"Comma",2014,140,0.000259425982592739
"Comma",2014,141,0.000261460018460149
"Comma",2014,142,0.000265650456895264
"Comma",2014,143,0.000272044651559943
"Comma",2014,144,0.000280740484221485
"Comma",2014,145,0.000291887843335144
"Comma",2014,146,0.00030569192289722
"Comma",2014,147,0.000322418383020183
"Comma",2014,148,0.000342400496476896
"Comma",2014,149,0.00036604848761363
"Comma",2014,150,0.000393860826745907
"Comma",2014,151,0.000426404909746226
"Comma",2014,152,0.000464299146505068
"Comma",2014,153,0.000508260349092142
"Comma",2014,154,0.000559118172616563
"Comma",2014,155,0.000617826303870271
"Comma",2014,156,0.000685473966717764
"Comma",2014,157,0.000763297250121666
"Comma",2014,158,0.000852689602140211
"Comma",2014,159,0.000955210636588159
"Comma",2014,160,0.00107259216930186
"Comma",2014,161,0.00120674014212142
"Comma",2014,162,0.00135973081313338
"Comma",2014,163,0.00153379930545308
"Comma",2014,164,0.00173131833507091
"Comma",2014,165,0.00195476471073589
"Comma",2014,166,0.00220667105465046
"Comma",2014,167,0.00248956018077582
"Comma",2014,168,0.0028058597455654
"Comma",2014,169,0.00315779521820192
"Comma",2014,170,0.00354725997016871
"Comma",2014,171,0.00397566260170264
"Comma",2014,172,0.00444395643828436
"Comma",2014,173,0.00495299031548677
"Comma",2014,174,0.00550308807861776
"Comma",2014,175,0.00609383421220644
"Comma",2014,176,0.00672394074654461
"Comma",2014,177,0.00739111703283906
"Comma",2014,178,0.00809194878347478
"Comma",2014,179,0.00882179380782405
"Comma",2014,180,0.00957470270089561
"Comma",2014,181,0.0103433732468712
"Comma",2014,182,0.0111191473622344
"Comma",2014,183,0.0118920589086605
"Comma",2014,184,0.012650939556178
"Comma",2014,185,0.0133835880055879
"Comma",2014,186,0.0140770052648492
"Comma",2014,187,0.0147176953557667
"Comma",2014,188,0.0152920269140305
"Comma",2014,189,0.0157866468231081
"Comma",2014,190,0.0161889325519625
"Comma",2014,191,0.0164874655754594
"Comma",2014,192,0.0166725045191422
"Comma",2014,193,0.0167375177521739
"Comma",2014,194,0.0166845274101478
"Comma",2014,195,0.0165201322481122
"Comma",2014,196,0.0162530186505437
"Comma",2014,197,0.0158935021645463
"Comma",2014,198,0.0154530563442147
"Comma",2014,199,0.0149438512256268
"Comma",2014,200,0.0143783218329149
"Comma",2014,201,0.0137687824044075
"Comma",2014,202,0.0131270970974198
"Comma",2014,203,0.0124644131756981
"Comma",2014,204,0.0117909584082724
"Comma",2014,205,0.0111159008169226
"Comma",2014,206,0.0104472661104929
"Comma",2014,207,0.00979190616311897
"Comma",2014,208,0.00915551068854378
"Comma",2014,209,0.00854265374480776
"Comma",2014,210,0.00795686675431617
"Comma",2014,211,0.00740073021262225
"Comma",2014,212,0.00687597705507271
"Comma",2014,213,0.00638360163425184
"Comma",2014,214,0.00592402816860638
"Comma",2014,215,0.00549777602436642
"Comma",2014,216,0.00510512668720661
"Comma",2014,217,0.00474577406926367
"Comma",2014,218,0.00441896081048905
"Comma",2014,219,0.00412360728707904
"Comma",2014,220,0.00385842449224822
"Comma",2014,221,0.00362201107097802
"Comma",2014,222,0.00341293567590223
"Comma",2014,223,0.00322980644157304
"Comma",2014,224,0.00307132980746554
"Comma",2014,225,0.00293636121791019
"Comma",2014,226,0.00282395045179624
"Comma",2014,227,0.00273338454840766
"Comma",2014,228,0.00266423156180533
"Comma",2014,229,0.00261638876392357
"Comma",2014,230,0.00259013950703157
"Comma",2014,231,0.00258622385184144
"Comma",2014,232,0.002605929406185
"Comma",2014,233,0.00265121079490125
"Comma",2014,234,0.002724849075843
"Comma",2014,235,0.00283059464761099
"Comma",2014,236,0.00297122390537415
"Comma",2014,237,0.00314784738442907
"Comma",2014,238,0.00336193325669497
"Comma",2014,239,0.00361524870587888
"Comma",2014,240,0.00390964646051887
"Comma",2014,241,0.00424681705455903
"Comma",2014,242,0.00462799540328363
"Comma",2014,243,0.00505361470885363
"Comma",2014,244,0.00552290689760998
"Comma",2014,245,0.00603345730752247
"Comma",2014,246,0.00658073247546451
"Comma",2014,247,0.0071576134465428
"Comma",2014,248,0.00775398219322166
"Comma",2014,249,0.00835642376784744
"Comma",2014,250,0.00894811900970231
"Comma",2014,251,0.0095090083658321
"Comma",2014,252,0.0100163024930672
"Comma",2014,253,0.010445395796199
"Comma",2014,254,0.0107712022123186
"Comma",2014,255,0.0109698782869197
"Comma",2014,256,0.0110208638913552
"Comma",2014,257,0.0109142922894049
"Comma",2014,258,0.0106580128733886
"Comma",2014,259,0.0102671101705375
"Comma",2014,260,0.00976117565199018
"Comma",2014,261,0.00916280744922128
"Comma",2014,262,0.00849607077503034
"Comma",2014,263,0.0077850501488696
"Comma",2014,264,0.00705259656972424
"Comma",2014,265,0.00631933829651313
"Comma",2014,266,0.00560298820517336
"Comma",2014,267,0.00491794823207231
"Comma",2014,268,0.00427518528688607
"Comma",2014,269,0.00368233484487145
"Comma",2014,270,0.00314397846490617
"Comma",2014,271,0.0026620389127348
"Comma",2014,272,0.00223623989375787
"Comma",2014,273,0.00186458479818453
"Comma",2014,274,0.00154381852118154
"Comma",2014,275,0.00126984676400512
"Comma",2015,90,0.00214223247109373
"Comma",2015,91,0.00257714902165139
"Comma",2015,92,0.00307077328980259
"Comma",2015,93,0.00362170954331132
"Comma",2015,94,0.00422531872123812
"Comma",2015,95,0.00487312639851189
"Comma",2015,96,0.00555239784379171
"Comma",2015,97,0.00624597912678304
"Comma",2015,98,0.00693250008691439
"Comma",2015,99,0.00758701591200233
"Comma",2015,100,0.00818212697214063
"Comma",2015,101,0.00868956218782864
"Comma",2015,102,0.00908214414220076
"Comma",2015,103,0.00933598297717504
"Comma",2015,104,0.00943268281089419
"Comma",2015,105,0.00936130255676326
"Comma",2015,106,0.00911980509254943
"Comma",2015,107,0.0087157629138769
"Comma",2015,108,0.0081677530278796
"Comma",2015,109,0.0075137066578754
"Comma",2015,110,0.00679762349016031
"Comma",2015,111,0.00605912565710519
"Comma",2015,112,0.00533103515671945
"Comma",2015,113,0.00463831905886217
"Comma",2015,114,0.00399812095698305
"Comma",2015,115,0.00342055223011844
"Comma",2015,116,0.0029099147290067
"Comma",2015,117,0.00246607789094883
"Comma",2015,118,0.00208580910112171
"Comma",2015,119,0.00176393395130821
"Comma",2015,120,0.00149426913084084
"Comma",2015,121,0.00127031909223547
"Comma",2015,122,0.00108575808631137
"Comma",2015,123,0.000934734597065235
"Comma",2015,124,0.000812039791999055
"Comma",2015,125,0.000713179424935725
"Comma",2015,126,0.000634383021264382
"Comma",2015,127,0.000572577527910967
"Comma",2015,128,0.000525346449291701
"Comma",2015,129,0.00049084505466474
"Comma",2015,130,0.00046705008686671
"Comma",2015,131,0.000451969427398119
"Comma",2015,132,0.000444187866115706
"Comma",2015,133,0.00044271253544005
"Comma",2015,134,0.000446848094622286
"Comma",2015,135,0.000456106677543945
"Comma",2015,136,0.000470139613129972
"Comma",2015,137,0.000488682314317326
"Comma",2015,138,0.000511506581019089
"Comma",2015,139,0.000538376534988016
"Comma",2015,140,0.000569005913708562
"Comma",2015,141,0.000603015760460904
"Comma",2015,142,0.000639892821422867
"Comma",2015,143,0.00067895027949585
"Comma",2015,144,0.000719293820403598
"Comma",2015,145,0.00075979735540196
"Comma",2015,146,0.000799093839884544
"Comma",2015,147,0.000835587262136224
"Comma",2015,148,0.000867491699822439
"Comma",2015,149,0.000892902010227809
"Comma",2015,150,0.000909912955293431
"Comma",2015,151,0.00091764630100845
"Comma",2015,152,0.000916890257767215
"Comma",2015,153,0.000908804244478016
"Comma",2015,154,0.000894702523133908
"Comma",2015,155,0.000875964856687811
"Comma",2015,156,0.000853962475083359
"Comma",2015,157,0.00083000241096711
"Comma",2015,158,0.000805290843603289
"Comma",2015,159,0.000780914320722116
"Comma",2015,160,0.000757836660668317
"Comma",2015,161,0.000736908913742108
"Comma",2015,162,0.000718889868776918
"Comma",2015,163,0.000704475102825344
"Comma",2015,164,0.00069433338252552
"Comma",2015,165,0.000689150272535793
"Comma",2015,166,0.0006896800860026
"Comma",2015,167,0.0006968088957391
"Comma",2015,168,0.000711633380271786
"Comma",2015,169,0.000735563107466785
"Comma",2015,170,0.0007704579626489
"Comma",2015,171,0.000818818148873105
"Comma",2015,172,0.000883535375095253
"Comma",2015,173,0.000966966593376731
"Comma",2015,174,0.00107194301365849
"Comma",2015,175,0.00120206037195054
"Comma",2015,176,0.00136174839075962
"Comma",2015,177,0.00155634231084039
"Comma",2015,178,0.00179214314528436
"Comma",2015,179,0.00207644885453514
"Comma",2015,180,0.00241753298036421
"Comma",2015,181,0.0028245408314215
"Comma",2015,182,0.00330726688213592
"Comma",2015,183,0.00387577195789818
"Comma",2015,184,0.00453979700633088
"Comma",2015,185,0.00530793444208379
"Comma",2015,186,0.00618653136404877
"Comma",2015,187,0.00717832462871762
"Comma",2015,188,0.00828084835964244
"Comma",2015,189,0.00948471061275138
"Comma",2015,190,0.0107719048294031
"Comma",2015,191,0.0121143957036651
"Comma",2015,192,0.0134732845459065
"Comma",2015,193,0.0148019393213016
"Comma",2015,194,0.0160637772221328
"Comma",2015,195,0.0172283949186592
"Comma",2015,196,0.0182681432570403
"Comma",2015,197,0.0191593510648517
"Comma",2015,198,0.0198832938075752
"Comma",2015,199,0.0204268483425323
"Comma",2015,200,0.0207828092106042
"Comma",2015,201,0.0209498703852481
"Comma",2015,202,0.0209323016786282
"Comma",2015,203,0.0207393689181462
"Comma",2015,204,0.0203845602794153
"Comma",2015,205,0.0198846874339191
"Comma",2015,206,0.0192589298899354
"Comma",2015,207,0.0185278851384976
"Comma",2015,208,0.0177126774074257
"Comma",2015,209,0.0168341655646581
"Comma",2015,210,0.0159122775239715
"Comma",2015,211,0.0149654857023455
"Comma",2015,212,0.0140104266594141
"Comma",2015,213,0.0130616586705179
"Comma",2015,214,0.0121316750246395
"Comma",2015,215,0.0112321335416251
"Comma",2015,216,0.0103729329910841
"Comma",2015,217,0.00956132473851987
"Comma",2015,218,0.00880219743086283
"Comma",2015,219,0.00809841523227336
"Comma",2015,220,0.00745116589312887
"Comma",2015,221,0.00686029892114991
"Comma",2015,222,0.00632464012915599
"Comma",2015,223,0.0058422741200018
"Comma",2015,224,0.0054107906457804
"Comma",2015,225,0.00502749420079872
"Comma",2015,226,0.00468957873425779
"Comma",2015,227,0.00439427112167303
"Comma",2015,228,0.00413894817051959
"Comma",2015,229,0.00392123262427765
"Comma",2015,230,0.0037390740378973
"Comma",2015,231,0.00359082068819694
"Comma",2015,232,0.00347528901133821
"Comma",2015,233,0.0033918375854294
"Comma",2015,234,0.00334045357536705
"Comma",2015,235,0.00332178361839427
"Comma",2015,236,0.00333499342272754
"Comma",2015,237,0.00337740921802582
"Comma",2015,238,0.00344687069795784
"Comma",2015,239,0.00354165660346461
"Comma",2015,240,0.00366029091006652
"Comma",2015,241,0.00380136872373573
"Comma",2015,242,0.00396339335343204
"Comma",2015,243,0.00414461970210139
"Comma",2015,244,0.00434290244208288
"Comma",2015,245,0.00455555066649362
"Comma",2015,246,0.00477919394609572
"Comma",2015,247,0.00500966794510101
"Comma",2015,248,0.00524193079053837
"Comma",2015,249,0.00547002393319263
"Comma",2015,250,0.00568709283135286
"Comma",2015,251,0.00588548287456767
"Comma",2015,252,0.00605692394781871
"Comma",2015,253,0.00619281238909826
"Comma",2015,254,0.00628459149822288
"Comma",2015,255,0.0063242212716633
"Comma",2015,256,0.00630472972563356
"Comma",2015,257,0.00622308313352029
"Comma",2015,258,0.00608294575972971
"Comma",2015,259,0.00589011412514146
"Comma",2015,260,0.00565154398268489
"Comma",2015,261,0.00537497393586579
"Comma",2015,262,0.00506854928965614
"Comma",2015,263,0.00474046842967916
"Comma",2015,264,0.00439866946103178
"Comma",2015,265,0.00405056955911472
"Comma",2015,266,0.00370286407565547
"Comma",2015,267,0.00336138739665412
"Comma",2015,268,0.00303103323149152
"Comma",2015,269,0.00271572865001193
"Comma",2015,270,0.00241845386851641
"Comma",2015,271,0.00214129849267808
"Comma",2015,272,0.00188554454462212
"Comma",2015,273,0.00165176696571475
"Comma",2015,274,0.00143994320211852
"Comma",2015,275,0.00124956475131366
"Comma",2016,90,0.00184079352787307
"Comma",2016,91,0.00215653309056495
"Comma",2016,92,0.00251034233890824
"Comma",2016,93,0.00290235547955049
"Comma",2016,94,0.00333137971128579
"Comma",2016,95,0.00379462270750751
"Comma",2016,96,0.00428744981599297
"Comma",2016,97,0.00480319848566277
"Comma",2016,98,0.00533308007766546
"Comma",2016,99,0.00586619931593614
"Comma",2016,100,0.00638971835532438
"Comma",2016,101,0.00688918519005063
"Comma",2016,102,0.00734903468434993
"Comma",2016,103,0.00775325523282971
"Comma",2016,104,0.00808619597662799
"Comma",2016,105,0.00833347033969157
"Comma",2016,106,0.00848289373806932
"Comma",2016,107,0.00852537935088845
"Comma",2016,108,0.00845570851663625
"Comma",2016,109,0.00827400595807005
"Comma",2016,110,0.00799197932708678
"Comma",2016,111,0.00762763768363602
"Comma",2016,112,0.00720026601717164
"Comma",2016,113,0.00672907566477887
"Comma",2016,114,0.00623212658728341
"Comma",2016,115,0.00572554333863971
"Comma",2016,116,0.00522302775145445
"Comma",2016,117,0.00473564074320198
"Comma",2016,118,0.00427180630524358
"Comma",2016,119,0.00383748195823326
"Comma",2016,120,0.00343643973602872
"Comma",2016,121,0.00307060752663108
"Comma",2016,122,0.00274042980042239
"Comma",2016,123,0.00244521723135054
"Comma",2016,124,0.00218346487220268
"Comma",2016,125,0.00195312737859611
"Comma",2016,126,0.00175184680102049
"Comma",2016,127,0.00157713358459865
"Comma",2016,128,0.00142650479470777
"Comma",2016,129,0.00129758552652934
"Comma",2016,130,0.00118813603953487
"Comma",2016,131,0.00109542506665138
"Comma",2016,132,0.00101660708900553
"Comma",2016,133,0.000949373022882933
"Comma",2016,134,0.000891852991809989
"Comma",2016,135,0.000842522745032003
"Comma",2016,136,0.000800131389486975
"Comma",2016,137,0.000763645217419935
"Comma",2016,138,0.00073220376499105
"Comma",2016,139,0.000705085222713862
"Comma",2016,140,0.00068167904103218
"Comma",2016,141,0.000661464107514726
"Comma",2016,142,0.000643991268224412
"Comma",2016,143,0.000628869262002799
"Comma",2016,144,0.000615753359347561
"Comma",2016,145,0.000604336166432772
"Comma",2016,146,0.000594340183488385
"Comma",2016,147,0.000585511805258317
"Comma",2016,148,0.000577616526879057
"Comma",2016,149,0.000570435176540065
"Comma",2016,150,0.000563761040515821
"Comma",2016,151,0.00055740020117878
"Comma",2016,152,0.000551311341652459
"Comma",2016,153,0.000545675443354242
"Comma",2016,154,0.000540685345046265
"Comma",2016,155,0.000536528159299325
"Comma",2016,156,0.000533387955322911
"Comma",2016,157,0.00053144910305809
"Comma",2016,158,0.000530900299821932
"Comma",2016,159,0.00053193933892404
"Comma",2016,160,0.000534778726233115
"Comma",2016,161,0.000539652307709819
"Comma",2016,162,0.00054682314164092
"Comma",2016,163,0.000556592938401144
"Comma",2016,164,0.000569313504718334
"Comma",2016,165,0.000585400778027648
"Comma",2016,166,0.000605352232746364
"Comma",2016,167,0.000629768702667571
"Comma",2016,168,0.000659382018203568
"Comma",2016,169,0.000695090340822951
"Comma",2016,170,0.000738003742391271
"Comma",2016,171,0.00078950349994474
"Comma",2016,172,0.000851319649347262
"Comma",2016,173,0.000925399020504741
"Comma",2016,174,0.00101344635758218
"Comma",2016,175,0.00111734876292041
"Comma",2016,176,0.00123929271756217
"Comma",2016,177,0.00138177428042367
"Comma",2016,178,0.00154760198006024
"Comma",2016,179,0.00173988809587206
"Comma",2016,180,0.00196202315235872
"Comma",2016,181,0.002217627574938
"Comma",2016,182,0.00251047369842302
"Comma",2016,183,0.00284437084640003
"Comma",2016,184,0.00322300622990593
"Comma",2016,185,0.00364973521393803
"Comma",2016,186,0.00412731637173034
"Comma",2016,187,0.00465758999535345
"Comma",2016,188,0.00524110361882594
"Comma",2016,189,0.00587669478452248
"Comma",2016,190,0.00656104969098934
"Comma",2016,191,0.00728826614487093
"Comma",2016,192,0.00804945965088177
"Comma",2016,193,0.00883246130118958
"Comma",2016,194,0.0096224020966066
"Comma",2016,195,0.0104057341490309
"Comma",2016,196,0.0111690176457163
"Comma",2016,197,0.011898052407531
"Comma",2016,198,0.0125782740052453
"Comma",2016,199,0.0131952043875242
"Comma",2016,200,0.0137349382913554
"Comma",2016,201,0.0141846442308234
"Comma",2016,202,0.014533056114139
"Comma",2016,203,0.0147709301587536
"Comma",2016,204,0.0148914419889696
"Comma",2016,205,0.0148905007240266
"Comma",2016,206,0.0147669604758901
"Comma",2016,207,0.0145227148086968
"Comma",2016,208,0.014162666059788
"Comma",2016,209,0.0136945685587668
"Comma",2016,210,0.0131287521920961
"Comma",2016,211,0.012477739889257
"Comma",2016,212,0.0117557789026877
"Comma",2016,213,0.0109783107271292
"Comma",2016,214,0.0101614077706319
"Comma",2016,215,0.00932185876108901
"Comma",2016,216,0.00848263720275516
"Comma",2016,217,0.00766684142415728
"Comma",2016,218,0.00689192527605087
"Comma",2016,219,0.00616998927623006
"Comma",2016,220,0.00550844866251998
"Comma",2016,221,0.00491084842181303
"Comma",2016,222,0.00437771371286824
"Comma",2016,223,0.00390735676463552
"Comma",2016,224,0.00349659181915314
"Comma",2016,225,0.00314133495100621
"Comma",2016,226,0.00283708450980194
"Comma",2016,227,0.00257929070972723
"Comma",2016,228,0.00236363051658837
"Comma",2016,229,0.00218620777529094
"Comma",2016,230,0.00204369983681099
"Comma",2016,231,0.00193347202959839
"Comma",2016,232,0.00185368127648503
"Comma",2016,233,0.00180339099569779
"Comma",2016,234,0.00178272220067099
"Comma",2016,235,0.00179307175453967
"Comma",2016,236,0.00183735721768411
"Comma",2016,237,0.00191796119068311
"Comma",2016,238,0.00203619176815517
"Comma",2016,239,0.00219469581719194
"Comma",2016,240,0.00239745762791181
"Comma",2016,241,0.00264967519375485
"Comma",2016,242,0.00295762823925267
"Comma",2016,243,0.0033284951055211
"Comma",2016,244,0.00377007339248845
"Comma",2016,245,0.00429035649267023
"Comma",2016,246,0.00489691761545515
"Comma",2016,247,0.00559605800319846
"Comma",2016,248,0.00639169081136355
"Comma",2016,249,0.00728396081048605
"Comma",2016,250,0.00826764619039626
"Comma",2016,251,0.00933045355101971
"Comma",2016,252,0.0104513975263207
"Comma",2016,253,0.011599542675736
"Comma",2016,254,0.0127334593304239
"Comma",2016,255,0.013801780992062
"Comma",2016,256,0.0147452179062206
"Comma",2016,257,0.0155003162683681
"Comma",2016,258,0.0160156239109983
"Comma",2016,259,0.0162712030531615
"Comma",2016,260,0.016263137704995
"Comma",2016,261,0.016000525872195
"Comma",2016,262,0.0155040723707726
"Comma",2016,263,0.014803871337428
"Comma",2016,264,0.0139366749929796
"Comma",2016,265,0.0129429647683949
"Comma",2016,266,0.0118641181491365
"Comma",2016,267,0.0107399095837467
"Comma",2016,268,0.00960650972073107
"Comma",2016,269,0.00849506757839872
"Comma",2016,270,0.00743088654597228
"Comma",2016,271,0.00643314551631657
"Comma",2016,272,0.0055150752520919
"Comma",2016,273,0.00468447800449251
"Comma",2016,274,0.00394447338808484
"Comma",2016,275,0.00329436179275138
"Comma",2017,90,0.00128684281979364
"Comma",2017,91,0.00147474899387033
"Comma",2017,92,0.00167973691803382
"Comma",2017,93,0.0019007150664837
"Comma",2017,94,0.00213583350460874
"Comma",2017,95,0.00238239866723042
"Comma",2017,96,0.0026368181637872
"Comma",2017,97,0.00289458738166946
"Comma",2017,98,0.00315032908690386
"Comma",2017,99,0.00339789531035322
"Comma",2017,100,0.0036305373961606
"Comma",2017,101,0.00384114517419728
"Comma",2017,102,0.00402255000535908
"Comma",2017,103,0.00416787938266676
"Comma",2017,104,0.00427094353502496
"Comma",2017,105,0.00432662795083552
"Comma",2017,106,0.00433126089547597
"Comma",2017,107,0.00428292279043427
"Comma",2017,108,0.0041820577489364
"Comma",2017,109,0.00403413063240381
"Comma",2017,110,0.00384734011822807
"Comma",2017,111,0.003630474474537
"Comma",2017,112,0.0033923438598523
"Comma",2017,113,0.00314131516686772
"Comma",2017,114,0.00288496008946589
"Comma",2017,115,0.00262982138764707
"Comma",2017,116,0.00238129024271905
"Comma",2017,117,0.00214357922021166
"Comma",2017,118,0.0019197707101293
"Comma",2017,119,0.00171191931577777
"Comma",2017,120,0.00152118775669011
"Comma",2017,121,0.00134799859496159
"Comma",2017,122,0.00119218770155653
"Comma",2017,123,0.0010531492081765
"Comma",2017,124,0.000929965280150674
"Comma",2017,125,0.000821517114303422
"Comma",2017,126,0.000726575983105489
"Comma",2017,127,0.000643874897745165
"Comma",2017,128,0.000572162608979689
"Comma",2017,129,0.000510238541877543
"Comma",2017,130,0.000456923605627935
"Comma",2017,131,0.00041111321575726
"Comma",2017,132,0.000371840002670056
"Comma",2017,133,0.000338264895789872
"Comma",2017,134,0.000309665783430306
"Comma",2017,135,0.000285426505821675
"Comma",2017,136,0.000265026616265728
"Comma",2017,137,0.000248032227405102
"Comma",2017,138,0.000234088180659739
"Comma",2017,139,0.000222911734352864
"Comma",2017,140,0.000214287958589806
"Comma",2017,141,0.000208067053359519
"Comma",2017,142,0.000204163874474095
"Comma",2017,143,0.00020256006806642
"Comma",2017,144,0.000203309392865386
"Comma",2017,145,0.000206547073880182
"Comma",2017,146,0.000212504418559978
"Comma",2017,147,0.000221530494819874
"Comma",2017,148,0.000234123509659838
"Comma",2017,149,0.000250975778437782
"Comma",2017,150,0.000273035059866615
"Comma",2017,151,0.000301399848457388
"Comma",2017,152,0.000337209622835425
"Comma",2017,153,0.000381896200726655
"Comma",2017,154,0.000437255514859056
"Comma",2017,155,0.000505505591654329
"Comma",2017,156,0.000589350251704625
"Comma",2017,157,0.000692044393974092
"Comma",2017,158,0.000817454406983769
"Comma",2017,159,0.000970104140013809
"Comma",2017,160,0.00115519298050288
"Comma",2017,161,0.00137856808566519
"Comma",2017,162,0.00164662811239304
"Comma",2017,163,0.00196613162437553
"Comma",2017,164,0.00234388089981812
"Comma",2017,165,0.00278625275259122
"Comma",2017,166,0.00329855425038182
"Comma",2017,167,0.00388419507145449
"Comma",2017,168,0.00454369160159791
"Comma",2017,169,0.0052735516358286
"Comma",2017,170,0.00606513165891144
"Comma",2017,171,0.00690360979378565
"Comma",2017,172,0.00777026263986452
"Comma",2017,173,0.00865021480779205
"Comma",2017,174,0.00952893900733403
"Comma",2017,175,0.0103916232413168
"Comma",2017,176,0.0112237544856918
"Comma",2017,177,0.0120116750111417
"Comma",2017,178,0.0127430787750827
"Comma",2017,179,0.0134074217525914
"Comma",2017,180,0.0139962281283797
"Comma",2017,181,0.0145032830179291
"Comma",2017,182,0.014924710943903
"Comma",2017,183,0.015258946920219
"Comma",2017,184,0.0155066131468324
"Comma",2017,185,0.0156703186774557
"Comma",2017,186,0.015754401897768
"Comma",2017,187,0.0157646363443104
"Comma",2017,188,0.0157079195522442
"Comma",2017,189,0.0155919625844779
"Comma",2017,190,0.0154249950465213
"Comma",2017,191,0.0152154971064363
"Comma",2017,192,0.0149719666528344
"Comma",2017,193,0.0147018867847571
"Comma",2017,194,0.0144078752349082
"Comma",2017,195,0.0140910163120894
"Comma",2017,196,0.0137525436762758
"Comma",2017,197,0.0133938338674942
"Comma",2017,198,0.0130163963798615
"Comma",2017,199,0.0126218620364337
"Comma",2017,200,0.0122119697817941
"Comma",2017,201,0.0117885520397453
"Comma",2017,202,0.011353518812168
"Comma",2017,203,0.0109088407213294
"Comma",2017,204,0.0104565312209716
"Comma",2017,205,0.00999862822072495
"Comma",2017,206,0.00953717538319529
"Comma",2017,207,0.00907420336298365
"Comma",2017,208,0.00861171126152387
"Comma",2017,209,0.00815164857073204
"Comma",2017,210,0.00769589787193046
"Comma",2017,211,0.00724625854438244
"Comma",2017,212,0.00680443172024006
"Comma",2017,213,0.00637200670010688
"Comma",2017,214,0.00595067333015411
"Comma",2017,215,0.00554435498554942
"Comma",2017,216,0.00515754797043664
"Comma",2017,217,0.00479354923944175
"Comma",2017,218,0.00445458366929171
"Comma",2017,219,0.00414197430901338
"Comma",2017,220,0.00385631387452824
"Comma",2017,221,0.00359762907461484
"Comma",2017,222,0.00336553235905048
"Comma",2017,223,0.00315935825171291
"Comma",2017,224,0.00297828352482749
"Comma",2017,225,0.0028214321075744
"Comma",2017,226,0.00268796687220121
"Comma",2017,227,0.00257717140292694
"Comma",2017,228,0.00248852564553616
"Comma",2017,229,0.002421780091333
"Comma",2017,230,0.00237703401753521
"Comma",2017,231,0.00235482446350182
"Comma",2017,232,0.00235623429070986
"Comma",2017,233,0.00238303015432986
"Comma",2017,234,0.00243784493427415
"Comma",2017,235,0.00252435032317603
"Comma",2017,236,0.00264528989365269
"Comma",2017,237,0.0028018251854015
"Comma",2017,238,0.002995655789911
"Comma",2017,239,0.00322897659718909
"Comma",2017,240,0.0035042815758248
"Comma",2017,241,0.00382413488786404
"Comma",2017,242,0.00419089247290067
"Comma",2017,243,0.00460636068123649
"Comma",2017,244,0.00507138367758118
"Comma",2017,245,0.00558535910491318
"Comma",2017,246,0.00614569263847287
"Comma",2017,247,0.00674721693268526
"Comma",2017,248,0.00738161876086234
"Comma",2017,249,0.00803693856408216
"Comma",2017,250,0.00869722656400313
"Comma",2017,251,0.00934245501968934
"Comma",2017,252,0.00994879181301525
"Comma",2017,253,0.0104893303829576
"Comma",2017,254,0.0109353397137506
"Comma",2017,255,0.0112580425448934
"Comma",2017,256,0.0114308878418767
"Comma",2017,257,0.0114379493720057
"Comma",2017,258,0.0112824253602275
"Comma",2017,259,0.0109758217594692
"Comma",2017,260,0.0105352800473339
"Comma",2017,261,0.00998214260261551
"Comma",2017,262,0.00934037443330214
"Comma",2017,263,0.00863498960030733
"Comma",2017,264,0.00789060951307189
"Comma",2017,265,0.00713024856136923
"Comma",2017,266,0.00637438598058223
"Comma",2017,267,0.00564034668840575
"Comma",2017,268,0.00494198223275869
"Comma",2017,269,0.00428961863977277
"Comma",2017,270,0.00369022201912074
"Comma",2017,271,0.00314772512549227
"Comma",2017,272,0.0026634575697285
"Comma",2017,273,0.00223662732526346
"Comma",2017,274,0.00186480968769683
"Comma",2017,275,0.00154441011713293
"Comma",2018,90,0.00158295366990624
"Comma",2018,91,0.00189279175679027
"Comma",2018,92,0.00224696980639498
"Comma",2018,93,0.00264692756984964
"Comma",2018,94,0.00309262989532141
"Comma",2018,95,0.00358216482171997
"Comma",2018,96,0.00411136044655338
"Comma",2018,97,0.00467346040308715
"Comma",2018,98,0.00525890417949549
"Comma",2018,99,0.0058552612317349
"Comma",2018,100,0.00644736523055353
"Comma",2018,101,0.00701768548022542
"Comma",2018,102,0.00754695583835113
"Comma",2018,103,0.00801505764258302
"Comma",2018,104,0.00840212378234916
"Comma",2018,105,0.00868979909751007
"Comma",2018,106,0.00886256193081943
"Comma",2018,107,0.00890898787391831
"Comma",2018,108,0.0088238508094232
"Comma",2018,109,0.00861570836323229
"Comma",2018,110,0.00830157540903518
"Comma",2018,111,0.00790135484749354
"Comma",2018,112,0.00743616409098066
"Comma",2018,113,0.00692687802048465
"Comma",2018,114,0.00639296195537108
"Comma",2018,115,0.00585163908787081
"Comma",2018,116,0.00531739110255629
"Comma",2018,117,0.00480175684842838
"Comma",2018,118,0.0043133732401033
"Comma",2018,119,0.0038581939691433
"Comma",2018,120,0.00343982260865153
"Comma",2018,121,0.00305990422784867
"Comma",2018,122,0.00271853073057627
"Comma",2018,123,0.00241462733767127
"Comma",2018,124,0.00214629918730652
"Comma",2018,125,0.00191112686682278
"Comma",2018,126,0.00170640734277102
"Comma",2018,127,0.00152934218731899
"Comma",2018,128,0.00137717845010823
"Comma",2018,129,0.00124727526665251
"Comma",2018,130,0.00113666027216457
"Comma",2018,131,0.00104236696980216
"Comma",2018,132,0.000961947611115103
"Comma",2018,133,0.000893392390192255
"Comma",2018,134,0.000835049761412422
"Comma",2018,135,0.000785562914060454
"Comma",2018,136,0.000743819102170872
"Comma",2018,137,0.000708909262444306
"Comma",2018,138,0.000680095924875515
"Comma",2018,139,0.000656787868859648
"Comma",2018,140,0.000638520331870602
"Comma",2018,141,0.000624939861387466
"Comma",2018,142,0.000615793131606494
"Comma",2018,143,0.00061091923897163
"Comma",2018,144,0.000610245156437123
"Comma",2018,145,0.00061378417564856
"Comma",2018,146,0.000621637307885978
"Comma",2018,147,0.000633997757291145
"Comma",2018,148,0.000651158732527897
"Comma",2018,149,0.000673525035509322
"Comma",2018,150,0.000701627134058684
"Comma",2018,151,0.000736022185741183
"Comma",2018,152,0.000777216539759649
"Comma",2018,153,0.000825819017328768
"Comma",2018,154,0.000882560649095497
"Comma",2018,155,0.000948300961277273
"Comma",2018,156,0.00102403521295179
"Comma",2018,157,0.00111090207179208
"Comma",2018,158,0.00121019113138183
"Comma",2018,159,0.00132334955546726
"Comma",2018,160,0.00145198698500479
"Comma",2018,161,0.00159787766563372
"Comma",2018,162,0.00176295855125438
"Comma",2018,163,0.00194932192178663
"Comma",2018,164,0.00215920083210853
"Comma",2018,165,0.00239494550201612
"Comma",2018,166,0.00265898858736123
"Comma",2018,167,0.00295379717074831
"Comma",2018,168,0.00328180931384625
"Comma",2018,169,0.00364535316662471
"Comma",2018,170,0.00404654698078345
"Comma",2018,171,0.00448717905152019
"Comma",2018,172,0.00496865002578565
"Comma",2018,173,0.00549202854052365
"Comma",2018,174,0.00605777901786089
"Comma",2018,175,0.0066655689429039
"Comma",2018,176,0.00731410302607559
"Comma",2018,177,0.00800095571311174
"Comma",2018,178,0.00872241000922863
"Comma",2018,179,0.00947331241619501
"Comma",2018,180,0.0102469554408408
"Comma",2018,181,0.0110350004258825
"Comma",2018,182,0.0118274541558674
"Comma",2018,183,0.0126127125668344
"Comma",2018,184,0.0133776837117265
"Comma",2018,185,0.0141079997167052
"Comma",2018,186,0.014788323690122
"Comma",2018,187,0.0154027524070169
"Comma",2018,188,0.0159353092184621
"Comma",2018,189,0.0163705143219246
"Comma",2018,190,0.016694011745282
"Comma",2018,191,0.0168932247761189
"Comma",2018,192,0.0169580048707763
"Comma",2018,193,0.0168828629478158
"Comma",2018,194,0.0166747696450537
"Comma",2018,195,0.0163467257382676
"Comma",2018,196,0.0159137947553624
"Comma",2018,197,0.0153923039317879
"Comma",2018,198,0.0147990987243916
"Comma",2018,199,0.0141508824085235
"Comma",2018,200,0.013463663617081
"Comma",2018,201,0.0127523233637905
"Comma",2018,202,0.0120303031964491
"Comma",2018,203,0.0113094081850866
"Comma",2018,204,0.0105997126878305
"Comma",2018,205,0.00990955321868871
"Comma",2018,206,0.00924559104408404
"Comma",2018,207,0.00861292702107238
"Comma",2018,208,0.00801525227155155
"Comma",2018,209,0.00745502017638971
"Comma",2018,210,0.006933627522016
"Comma",2018,211,0.00645159514991392
"Comma",2018,212,0.00600874092568834
"Comma",2018,213,0.00560434010630707
"Comma",2018,214,0.00523720293791481
"Comma",2018,215,0.00490515494309962
"Comma",2018,216,0.00460560996210867
"Comma",2018,217,0.00433615374949034
"Comma",2018,218,0.00409456033320019
"Comma",2018,219,0.00387879614475184
"Comma",2018,220,0.00368702181958132
"Comma",2018,221,0.00351759249242138
"Comma",2018,222,0.00336905734070926
"Comma",2018,223,0.00324015907325514
"Comma",2018,224,0.0031298340251083
"Comma",2018,225,0.0030372135063379
"Comma",2018,226,0.00296162706630677
"Comma",2018,227,0.00290260838088502
"Comma",2018,228,0.00285990455433385
"Comma",2018,229,0.00283348975888293
"Comma",2018,230,0.00282358432502655
"Comma",2018,231,0.00283068066030131
"Comma",2018,232,0.00285557773581001
"Comma",2018,233,0.00289942636835871
"Comma",2018,234,0.00296378818366446
"Comma",2018,235,0.00305066363059845
"Comma",2018,236,0.00316111071722976
"Comma",2018,237,0.00329479090283289
"Comma",2018,238,0.00345135687378322
"Comma",2018,239,0.00363041963523217
"Comma",2018,240,0.00383142057196612
"Comma",2018,241,0.00405349793948038
"Comma",2018,242,0.00429534752786803
"Comma",2018,243,0.00455507959257016
"Comma",2018,244,0.00483007678151611
"Comma",2018,245,0.00511686067492926
"Comma",2018,246,0.00541097755448019
"Comma",2018,247,0.00570691687368813
"Comma",2018,248,0.00599807822384032
"Comma",2018,249,0.00627680387278465
"Comma",2018,250,0.0065344936094488
"Comma",2018,251,0.00676181605596274
"Comma",2018,252,0.00694902531102692
"Comma",2018,253,0.00708638350093922
"Comma",2018,254,0.00716467867252883
"Comma",2018,255,0.00717581413804602
"Comma",2018,256,0.00711344651375849
"Comma",2018,257,0.00697601592158751
"Comma",2018,258,0.00676949529431793
"Comma",2018,259,0.00650233938149018
"Comma",2018,260,0.00618430031114238
"Comma",2018,261,0.00582588870509634
"Comma",2018,262,0.0054378541142508
"Comma",2018,263,0.00503071548523759
"Comma",2018,264,0.0046143642721154
"Comma",2018,265,0.00419775407448307
"Comma",2018,266,0.0037886822535183
"Comma",2018,267,0.00339366158049808
"Comma",2018,268,0.00301787408978638
"Comma",2018,269,0.00266519517009011
"Comma",2018,270,0.00233827354151494
"Comma",2018,271,0.00203865196581482
"Comma",2018,272,0.00176691404216763
"Comma",2018,273,0.00152284391178809
"Comma",2018,274,0.00130558778419604
"Comma",2018,275,0.00111380858765878
"Comma",2019,90,0.00179851167418624
"Comma",2019,91,0.00207677729597495
"Comma",2019,92,0.00238150634999767
"Comma",2019,93,0.00271080152231977
"Comma",2019,94,0.00306144786753573
"Comma",2019,95,0.00342876875685425
"Comma",2019,96,0.00380654277990275
"Comma",2019,97,0.00418700456265492
"Comma",2019,98,0.0045609505531326
"Comma",2019,99,0.00491796591387778
"Comma",2019,100,0.00524678049564407
"Comma",2019,101,0.00553575061815116
"Comma",2019,102,0.00577344974334724
"Comma",2019,103,0.00594933635306172
"Comma",2019,104,0.00605445320741021
"Comma",2019,105,0.00608210077739263
"Comma",2019,106,0.00602842118862944
"Comma",2019,107,0.00589282934495666
"Comma",2019,108,0.00567896541323457
"Comma",2019,109,0.00539929892376425
"Comma",2019,110,0.00507034176593636
"Comma",2019,111,0.00470846161166795
"Comma",2019,112,0.00432885458645036
"Comma",2019,113,0.00394483960062625
"Comma",2019,114,0.00356745344771466
"Comma",2019,115,0.00320531059159588
"Comma",2019,116,0.00286467254795204
"Comma",2019,117,0.00254966511910946
"Comma",2019,118,0.00226258452657734
"Comma",2019,119,0.00200424229050605
"Comma",2019,120,0.00177431038563387
"Comma",2019,121,0.0015716403002018
"Comma",2019,122,0.00139454050312309
"Comma",2019,123,0.00124100561795316
"Comma",2019,124,0.00110889704657002
"Comma",2019,125,0.000996079025629745
"Comma",2019,126,0.000900516507018104
"Comma",2019,127,0.000820342289247027
"Comma",2019,128,0.000753900943794785
"Comma",2019,129,0.000699743002435912
"Comma",2019,130,0.000656118189512393
"Comma",2019,131,0.00062120430051713
"Comma",2019,132,0.000593573654487676
"Comma",2019,133,0.000572112573262499
"Comma",2019,134,0.000555947786738817
"Comma",2019,135,0.0005443911818787
"Comma",2019,136,0.000536897826897461
"Comma",2019,137,0.000533033646602732
"Comma",2019,138,0.000532450133136949
"Comma",2019,139,0.00053486418715844
"Comma",2019,140,0.000540041691267563
"Comma",2019,141,0.000547783783916828
"Comma",2019,142,0.000557915071987301
"Comma",2019,143,0.000570273224204526
"Comma",2019,144,0.000584699547082195
"Comma",2019,145,0.000601030275306596
"Comma",2019,146,0.000619088420089521
"Comma",2019,147,0.000638676119314726
"Comma",2019,148,0.000659567526856729
"Comma",2019,149,0.000681502367480272
"Comma",2019,150,0.000704183641908207
"Comma",2019,151,0.000727473265712081
"Comma",2019,152,0.000751537285789136
"Comma",2019,153,0.000776591106532656
"Comma",2019,154,0.000802876373846278
"Comma",2019,155,0.000830663880088322
"Comma",2019,156,0.000860257277699033
"Comma",2019,157,0.000891997759112424
"Comma",2019,158,0.000926269893116952
"Comma",2019,159,0.00096350885029254
"Comma",2019,160,0.00100420930515913
"Comma",2019,161,0.00104893637365511
"Comma",2019,162,0.00109833903601554
"Comma",2019,163,0.00115316661296189
"Comma",2019,164,0.00121428901519457
"Comma",2019,165,0.00128272168294489
"Comma",2019,166,0.00135965638776841
"Comma",2019,167,0.00144649940161755
"Comma",2019,168,0.00154491897384555
"Comma",2019,169,0.00165690462950288
"Comma",2019,170,0.00178484155885665
"Comma",2019,171,0.0019316039993389
"Comma",2019,172,0.00210027003657236
"Comma",2019,173,0.00229325714156262
"Comma",2019,174,0.00251298533766575
"Comma",2019,175,0.00276201314474856
"Comma",2019,176,0.00304298014394588
"Comma",2019,177,0.00335852891260996
"Comma",2019,178,0.00371120260356963
"Comma",2019,179,0.0041033148455966
"Comma",2019,180,0.0045367894853331
"Comma",2019,181,0.00501296909835886
"Comma",2019,182,0.00553239328108769
"Comma",2019,183,0.00609455057632911
"Comma",2019,184,0.00669761150477069
"Comma",2019,185,0.00733815450164458
"Comma",2019,186,0.0080109013957224
"Comma",2019,187,0.00870848406323856
"Comma",2019,188,0.00942126851336521
"Comma",2019,189,0.0101372662116113
"Comma",2019,190,0.0108421640795746
"Comma",2019,191,0.0115195034134693
"Comma",2019,192,0.0121510330812931
"Comma",2019,193,0.0127184958517558
"Comma",2019,194,0.0132105320375038
"Comma",2019,195,0.0136197245941889
"Comma",2019,196,0.0139405960030484
"Comma",2019,197,0.0141697077694638
"Comma",2019,198,0.0143056804354734
"Comma",2019,199,0.0143491361545475
"Comma",2019,200,0.0143025719894966
"Comma",2019,201,0.014170175027774
"Comma",2019,202,0.0139575923720323
"Comma",2019,203,0.0136716700362788
"Comma",2019,204,0.0133201748161419
"Comma",2019,205,0.0129115124245648
"Comma",2019,206,0.0124544537536636
"Comma",2019,207,0.0119578792246651
"Comma",2019,208,0.0114305490104231
"Comma",2019,209,0.0108809046375116
"Comma",2019,210,0.0103169052527041
"Comma",2019,211,0.00974589979639143
"Comma",2019,212,0.00917453455333384
"Comma",2019,213,0.0086086941047207
"Comma",2019,214,0.00805366911756175
"Comma",2019,215,0.00751603655422537
"Comma",2019,216,0.00700224623014365
"Comma",2019,217,0.00651711510474184
"Comma",2019,218,0.00606399797093722
"Comma",2019,219,0.00564500680864794
"Comma",2019,220,0.00526123601324118
"Comma",2019,221,0.00491298133305168
"Comma",2019,222,0.00459994441639002
"Comma",2019,223,0.00432141841387574
"Comma",2019,224,0.00407645301621325
"Comma",2019,225,0.00386399963970075
"Comma",2019,226,0.00368303928077397
"Comma",2019,227,0.00353269697187822
"Comma",2019,228,0.00341234793928664
"Comma",2019,229,0.00332172166748049
"Comma",2019,230,0.00326101131796539
"Comma",2019,231,0.00323099757452633
"Comma",2019,232,0.0032331982971869
"Comma",2019,233,0.00327005877544413
"Comma",2019,234,0.00334520246497366
"Comma",2019,235,0.00346366579833344
"Comma",2019,236,0.0036291431997232
"Comma",2019,237,0.00384306420013483
"Comma",2019,238,0.00410754178392985
"Comma",2019,239,0.00442529840546635
"Comma",2019,240,0.0047993758124974
"Comma",2019,241,0.00523279819952904
"Comma",2019,242,0.00572816673684261
"Comma",2019,243,0.00628716932040929
"Comma",2019,244,0.00690999778697294
"Comma",2019,245,0.0075946770560692
"Comma",2019,246,0.00833632755484958
"Comma",2019,247,0.00912640403879815
"Comma",2019,248,0.00995197964605471
"Comma",2019,249,0.0107951712987926
"Comma",2019,250,0.0116328271181174
"Comma",2019,251,0.0124366121707607
"Comma",2019,252,0.0131736279994349
"Comma",2019,253,0.0138076761276092
"Comma",2019,254,0.0143012199082235
"Comma",2019,255,0.0146180108509507
"Comma",2019,256,0.0147262783535769
"Comma",2019,257,0.0146098296390205
"Comma",2019,258,0.0142786500519575
"Comma",2019,259,0.0137537916605935
"Comma",2019,260,0.0130633471716113
"Comma",2019,261,0.0122401481406802
"Comma",2019,262,0.0113193763387259
"Comma",2019,263,0.0103363066856776
"Comma",2019,264,0.00932435454036276
"Comma",2019,265,0.00831354240787855
"Comma",2019,266,0.00732944083053992
"Comma",2019,267,0.00639258336953539
"Comma",2019,268,0.00551831173958854
"Comma",2019,269,0.00471697719126542
"Comma",2019,270,0.00399440851363625
"Comma",2019,271,0.00335255398947463
"Comma",2019,272,0.0027902114954431
"Comma",2019,273,0.00230377441276578
"Comma",2019,274,0.00188793789113587
"Comma",2019,275,0.00153632756660135
"Comma",2020,90,0.00110427154973206
"Comma",2020,91,0.00133216352784416
"Comma",2020,92,0.0015948366463198
"Comma",2020,93,0.00189378360223657
"Comma",2020,94,0.0022293509571721
"Comma",2020,95,0.00260039275476319
"Comma",2020,96,0.00300393362493566
"Comma",2020,97,0.0034348760125899
"Comma",2020,98,0.00388579256833297
"Comma",2020,99,0.00434684790208703
"Comma",2020,100,0.00480589220497269
"Comma",2020,101,0.00524876131814639
"Comma",2020,102,0.00565980290543702
"Comma",2020,103,0.00602262668026595
"Comma",2020,104,0.00632104961888043
"Comma",2020,105,0.00654017760708277
"Comma",2020,106,0.00666753708183652
"Comma",2020,107,0.00669414875790451
"Comma",2020,108,0.0066154252678219
"Comma",2020,109,0.00643265705540781
"Comma",2020,110,0.00615887870181218
"Comma",2020,111,0.00581332190818941
"Comma",2020,112,0.00541617630501312
"Comma",2020,113,0.00498702037092668
"Comma",2020,114,0.00454363723813615
"Comma",2020,115,0.00410123397718878
"Comma",2020,116,0.00367204556402558
"Comma",2020,117,0.00326526493320063
"Comma",2020,118,0.00288721991802254
"Comma",2020,119,0.00254171360570035
"Comma",2020,120,0.00223045209411317
"Comma",2020,121,0.00195349792125959
"Comma",2020,122,0.0017097043010039
"Comma",2020,123,0.00149710162611515
"Comma",2020,124,0.00131322159813809
"Comma",2020,125,0.00115535497363765
"Comma",2020,126,0.00102074621035772
"Comma",2020,127,0.000906732663114117
"Comma",2020,128,0.00081083805094712
"Comma",2020,129,0.000730830371952584
"Comma",2020,130,0.000664727886350672
"Comma",2020,131,0.000610419309624583
"Comma",2020,132,0.000565871797668237
"Comma",2020,133,0.000529484103220894
"Comma",2020,134,0.000500002941475409
"Comma",2020,135,0.000476449217837107
"Comma",2020,136,0.000458062533659129
"Comma",2020,137,0.000444259460777885
"Comma",2020,138,0.00043460230855762
"Comma",2020,139,0.000428776001766252
"Comma",2020,140,0.000426571343939726
"Comma",2020,141,0.000427873429177826
"Comma",2020,142,0.000432654335394182
"Comma",2020,143,0.000440969519773674
"Comma",2020,144,0.000452957568848821
"Comma",2020,145,0.000468843150966472
"Comma",2020,146,0.000488943193432265
"Comma",2020,147,0.000513676473024266
"Comma",2020,148,0.00054357697807712
"Comma",2020,149,0.000579311583631679
"Comma",2020,150,0.000621702789202584
"Comma",2020,151,0.00067175591866991
"Comma",2020,152,0.000730592211755872
"Comma",2020,153,0.000799381876775378
"Comma",2020,154,0.000879471769766247
"Comma",2020,155,0.000972412377535862
"Comma",2020,156,0.00107997237045145
"Comma",2020,157,0.00120415121001098
"Comma",2020,158,0.00134718812484688
"Comma",2020,159,0.00151156534497806
"Comma",2020,160,0.00170000301231277
"Comma",2020,161,0.0019154426894886
"Comma",2020,162,0.00216101590675754
"Comma",2020,163,0.00243999377238565
"Comma",2020,164,0.00275571340004549
"Comma",2020,165,0.0031114768716763
"Comma",2020,166,0.0035104187703746
"Comma",2020,167,0.00395533911365688
"Comma",2020,168,0.00444849992630772
"Comma",2020,169,0.00499138583655234
"Comma",2020,170,0.0055844320489638
"Comma",2020,171,0.00622672687016022
"Comma",2020,172,0.00691570125017766
"Comma",2020,173,0.0076475677590978
"Comma",2020,174,0.00841895726791348
"Comma",2020,175,0.00922571665506938
"Comma",2020,176,0.0100625425124195
"Comma",2020,177,0.0109229545520942
"Comma",2020,178,0.011799301026513
"Comma",2020,179,0.0126828006148455
"Comma",2020,180,0.0135636243055556
"Comma",2020,181,0.0144310195573668
"Comma",2020,182,0.0152734774698101
"Comma",2020,183,0.0160789418823297
"Comma",2020,184,0.0168350573144972
"Comma",2020,185,0.017529450549038
"Comma",2020,186,0.0181500385540493
"Comma",2020,187,0.0186853534660262
"Comma",2020,188,0.0191248736442877
"Comma",2020,189,0.0194593484926432
"Comma",2020,190,0.0196811039476975
"Comma",2020,191,0.0197843153561816
"Comma",2020,192,0.0197652349762945
"Comma",2020,193,0.0196223625708449
"Comma",2020,194,0.019357467481188
"Comma",2020,195,0.0189796642968573
"Comma",2020,196,0.0185014660971375
"Comma",2020,197,0.0179364427243993
"Comma",2020,198,0.0172987197459297
"Comma",2020,199,0.016602519964941
"Comma",2020,200,0.0158617603468115
"Comma",2020,201,0.0150897138674114
"Comma",2020,202,0.0142987409249971
"Comma",2020,203,0.013500090677095
"Comma",2020,204,0.0127037691437175
"Comma",2020,205,0.0119184682400883
"Comma",2020,206,0.0111515480685383
"Comma",2020,207,0.0104090637514784
"Comma",2020,208,0.00969582772373246
"Comma",2020,209,0.00901549859667505
"Comma",2020,210,0.00837068832315811
"Comma",2020,211,0.00776308029920514
"Comma",2020,212,0.00719355211637879
"Comma",2020,213,0.00666229782615146
"Comma",2020,214,0.0061689457138195
"Comma",2020,215,0.00571269582661899
"Comma",2020,216,0.00529267847595824
"Comma",2020,217,0.00490784335973853
"Comma",2020,218,0.00455683615602391
"Comma",2020,219,0.00423809260371129
"Comma",2020,220,0.00394992225419077
"Comma",2020,221,0.00369057894187619
"Comma",2020,222,0.00345831912567336
"Comma",2020,223,0.00325144953591026
"Comma",2020,224,0.00306836572474208
"Comma",2020,225,0.00290758319536166
"Comma",2020,226,0.00276776280711137
"Comma",2020,227,0.00264773214780111
"Comma",2020,228,0.00254650455679407
"Comma",2020,229,0.00246329749678841
"Comma",2020,230,0.00239755203258475
"Comma",2020,231,0.00234895530714101
"Comma",2020,232,0.00231746813890419
"Comma",2020,233,0.00230336023770229
"Comma",2020,234,0.00230725610003545
"Comma",2020,235,0.00233019546862364
"Comma",2020,236,0.00237366382332862
"Comma",2020,237,0.00243819723512332
"Comma",2020,238,0.00252298973410854
"Comma",2020,239,0.0026273364547655
"Comma",2020,240,0.00275059084819399
"Comma",2020,241,0.00289203086190678
"Comma",2020,242,0.00305072467224535
"Comma",2020,243,0.00322539420511849
"Comma",2020,244,0.00341427751676721
"Comma",2020,245,0.0036149941519684
"Comma",2020,246,0.0038244208568048
"Comma",2020,247,0.00403858835867479
"Comma",2020,248,0.00425261303875653
"Comma",2020,249,0.00446067974481719
"Comma",2020,250,0.00465609310734262
"Comma",2020,251,0.00483141381661124
"Comma",2020,252,0.00497869268992229
"Comma",2020,253,0.00508980847217001
"Comma",2020,254,0.00515690500218302
"Comma",2020,255,0.00517291005260529
"Comma",2020,256,0.00513210297262229
"Comma",2020,257,0.00503069626466801
"Comma",2020,258,0.00486938223940891
"Comma",2020,259,0.00465540330780747
"Comma",2020,260,0.00439796132232712
"Comma",2020,261,0.00410704186777263
"Comma",2020,262,0.00379283074326421
"Comma",2020,263,0.00346519262326326
"Comma",2020,264,0.00313324145806455
"Comma",2020,265,0.0028050195360203
"Comma",2020,266,0.0024872900776445
"Comma",2020,267,0.00218543796759897
"Comma",2020,268,0.00190346549208045
"Comma",2020,269,0.00164406501542624
"Comma",2020,270,0.00140874829115133
"Comma",2020,271,0.00119801216783161
"Comma",2020,272,0.00101152226517947
"Comma",2020,273,0.000848299153165516
"Comma",2020,274,0.000706895094035169
"Comma",2020,275,0.000585553022995798
"Comma",2021,90,0.00211700371077815
"Comma",2021,91,0.00248611100613839
"Comma",2021,92,0.00289442052169817
"Comma",2021,93,0.00333883100521081
"Comma",2021,94,0.00381389229694849
"Comma",2021,95,0.0043115464566898
"Comma",2021,96,0.00482100803253921
"Comma",2021,97,0.00532883485072752
"Comma",2021,98,0.00581923329581165
"Comma",2021,99,0.00627462620741111
"Comma",2021,100,0.00667648708802345
"Comma",2021,101,0.00700641266151928
"Comma",2021,102,0.00724737006560478
"Comma",2021,103,0.00738501990142853
"Comma",2021,104,0.00740898797930663
"Comma",2021,105,0.0073139431340265
"Comma",2021,106,0.00710034119748065
"Comma",2021,107,0.00677471904234851
"Comma",2021,108,0.00635055690692582
"Comma",2021,109,0.00585405483133566
"Comma",2021,110,0.00531525991350071
"Comma",2021,111,0.00476118445557286
"Comma",2021,112,0.00421432789386631
"Comma",2021,113,0.00369202375970978
"Comma",2021,114,0.00320644308022646
"Comma",2021,115,0.00276506598528469
"Comma",2021,116,0.00237143058064246
"Comma",2021,117,0.00202599476007529
"Comma",2021,118,0.00172698767957629
"Comma",2021,119,0.00147117120070333
"Comma",2021,120,0.00125446999482652
"Comma",2021,121,0.00107245842087079
"Comma",2021,122,0.000920712004235433
"Comma",2021,123,0.000795042486939153
"Comma",2021,124,0.000691639988553139
"Comma",2021,125,0.000607145961732971
"Comma",2021,126,0.000538678223958193
"Comma",2021,127,0.000483825835754558
"Comma",2021,128,0.000440627960883886
"Comma",2021,129,0.00040751694341464
"Comma",2021,130,0.000382814860860942
"Comma",2021,131,0.000364897894393896
"Comma",2021,132,0.00035257096488883
"Comma",2021,133,0.000344959029665288
"Comma",2021,134,0.000341418811037948
"Comma",2021,135,0.000341475458329155
"Comma",2021,136,0.000344775850722289
"Comma",2021,137,0.000351052960797889
"Comma",2021,138,0.000360097469367319
"Comma",2021,139,0.000371734007949524
"Comma",2021,140,0.000385800230745775
"Comma",2021,141,0.000402127528016407
"Comma",2021,142,0.000420522682107501
"Comma",2021,143,0.000440750197817933
"Comma",2021,144,0.000462515448239367
"Comma",2021,145,0.000485449183679376
"Comma",2021,146,0.000509094353972789
"Comma",2021,147,0.000532896573288362
"Comma",2021,148,0.000556199871658257
"Comma",2021,149,0.000578249570682222
"Comma",2021,150,0.000598210486899722
"Comma",2021,151,0.000615576625820089
"Comma",2021,152,0.000630470272322064
"Comma",2021,153,0.000643136973920876
"Comma",2021,154,0.000653883969238195
"Comma",2021,155,0.000663068242174697
"Comma",2021,156,0.000671085827919777
"Comma",2021,157,0.000678363053173981
"Comma",2021,158,0.000685350227076315
"Comma",2021,159,0.000692518163837919
"Comma",2021,160,0.000700357827222449
"Comma",2021,161,0.000709383351009716
"Comma",2021,162,0.000720138716349445
"Comma",2021,163,0.000733208464239097
"Comma",2021,164,0.000749232999476958
"Comma",2021,165,0.000768929317101252
"Comma",2021,166,0.00079311837861673
"Comma",2021,167,0.000822760922725702
"Comma",2021,168,0.000859004274877622
"Comma",2021,169,0.000903243814927896
"Comma",2021,170,0.000957204313998146
"Comma",2021,171,0.00102304823072838
"Comma",2021,172,0.0011031527960362
"Comma",2021,173,0.0011993915115297
"Comma",2021,174,0.00131381686936171
"Comma",2021,175,0.00144883884712628
"Comma",2021,176,0.0016072355805761
"Comma",2021,177,0.00179215688550898
"Comma",2021,178,0.00200711550517517
"Comma",2021,179,0.00225595993946129
"Comma",2021,180,0.00254282164910372
"Comma",2021,181,0.00287202846301353
"Comma",2021,182,0.00324797534788414
"Comma",2021,183,0.00367494359025328
"Comma",2021,184,0.0041568602201188
"Comma",2021,185,0.0046969915500523
"Comma",2021,186,0.00529756840878503
"Comma",2021,187,0.00595934636570324
"Comma",2021,188,0.00668111219676418
"Comma",2021,189,0.00745915801691918
"Comma",2021,190,0.00828675651345597
"Comma",2021,191,0.00915368367615699
"Comma",2021,192,0.0100458478602717
"Comma",2021,193,0.0109460545641879
"Comma",2021,194,0.0118392224108543
"Comma",2021,195,0.0127107654277284
"Comma",2021,196,0.0135453943476287
"Comma",2021,197,0.0143275356175482
"Comma",2021,198,0.0150417963643788
"Comma",2021,199,0.0156734552308511
"Comma",2021,200,0.01620895794066
"Comma",2021,201,0.0166363947908355
"Comma",2021,202,0.0169459369183246
"Comma",2021,203,0.0171302092521706
"Comma",2021,204,0.0171845805449349
"Comma",2021,205,0.0171073546699496
"Comma",2021,206,0.0168998522615872
"Comma",2021,207,0.0165663774588044
"Comma",2021,208,0.0161140706130658
"Comma",2021,209,0.0155526539260241
"Comma",2021,210,0.0148940826702044
"Comma",2021,211,0.0141521195273154
"Comma",2021,212,0.0133418533261643
"Comma",2021,213,0.012479185837588
"Comma",2021,214,0.0115809786273484
"Comma",2021,215,0.0106708170912965
"Comma",2021,216,0.00977317608383089
"Comma",2021,217,0.00890747797357489
"Comma",2021,218,0.00808816737464092
"Comma",2021,219,0.00732516135116699
"Comma",2021,220,0.00662447258261442
"Comma",2021,221,0.00598891043634909
"Comma",2021,222,0.00541878703171444
"Comma",2021,223,0.00491257794241329
"Comma",2021,224,0.004467507447571
"Comma",2021,225,0.00408004478374129
"Comma",2021,226,0.00374631026299409
"Comma",2021,227,0.0034623986889777
"Comma",2021,228,0.00322463290499345
"Comma",2021,229,0.00302976340441023
"Comma",2021,230,0.00287513161956308
"Comma",2021,231,0.00275881564861771
"Comma",2021,232,0.00267977862462901
"Comma",2021,233,0.00263804256135786
"Comma",2021,234,0.00263491538001253
"Comma",2021,235,0.0026732043633749
"Comma",2021,236,0.00275454183164687
"Comma",2021,237,0.00287874154316326
"Comma",2021,238,0.00304679866751726
"Comma",2021,239,0.00326080106564445
"Comma",2021,240,0.00352367628499214
"Comma",2021,241,0.0038389330795849
"Comma",2021,242,0.0042103636231858
"Comma",2021,243,0.00464167661497597
"Comma",2021,244,0.00513603593374458
"Comma",2021,245,0.0056954863101992
"Comma",2021,246,0.00632025852042356
"Comma",2021,247,0.00700796350648334
"Comma",2021,248,0.00775270868681175
"Comma",2021,249,0.00854420049320189
"Comma",2021,250,0.00936693300871823
"Comma",2021,251,0.0101995991133082
"Comma",2021,252,0.0110148904511965
"Comma",2021,253,0.0117798657211236
"Comma",2021,254,0.0124570515686053
"Comma",2021,255,0.013006385915249
"Comma",2021,256,0.0133880615780111
"Comma",2021,257,0.0135738799867673
"Comma",2021,258,0.0135597030918452
"Comma",2021,259,0.0133523430125669
"Comma",2021,260,0.0129666312449045
"Comma",2021,261,0.0124239722650874
"Comma",2021,262,0.0117505629533182
"Comma",2021,263,0.0109754671762406
"Comma",2021,264,0.0101287243561582
"Comma",2021,265,0.00923964188422845
"Comma",2021,266,0.00833538048496824
"Comma",2021,267,0.0074398961978434
"Comma",2021,268,0.00657325885555584
"Comma",2021,269,0.00575132963335735
"Comma",2021,270,0.00498575236043833
"Comma",2021,271,0.00428419589792201
"Comma",2021,272,0.00365077750708676
"Comma",2021,273,0.00308659815893242
"Comma",2021,274,0.00259032797054973
"Comma",2021,275,0.00215879104102701
"Comma",2022,90,0.000691283221082633
"Comma",2022,91,0.000842895153764788
"Comma",2022,92,0.00102054096231194
"Comma",2022,93,0.0012263731243794
"Comma",2022,94,0.00146199559287591
"Comma",2022,95,0.00172821079716795
"Comma",2022,96,0.00202474592065675
"Comma",2022,97,0.00234997626183949
"Comma",2022,98,0.00270066986370205
"Comma",2022,99,0.00307178317777937
"Comma",2022,100,0.00345634121331843
"Comma",2022,101,0.00384543620591034
"Comma",2022,102,0.00422837520258716
"Comma",2022,103,0.00459299830133121
"Comma",2022,104,0.00492617538594781
"Comma",2022,105,0.00521447066693306
"Comma",2022,106,0.00544494274698828
"Comma",2022,107,0.00560602580480095
"Comma",2022,108,0.00568898661458412
"Comma",2022,109,0.00569268063739881
"Comma",2022,110,0.0056214614071906
"Comma",2022,111,0.00548253710250391
"Comma",2022,112,0.00528522263419239
"Comma",2022,113,0.00504015371667798
"Comma",2022,114,0.00475852652678945
"Comma",2022,115,0.00445142286698912
"Comma",2022,116,0.00412926051471189
"Comma",2022,117,0.00380138814002029
"Comma",2022,118,0.00347582639399732
"Comma",2022,119,0.00315914307639193
"Comma",2022,120,0.00285644127153147
"Comma",2022,121,0.00257143479871453
"Comma",2022,122,0.00230658453439892
"Comma",2022,123,0.00206327114350714
"Comma",2022,124,0.00184198347796901
"Comma",2022,125,0.00164250644441384
"Comma",2022,126,0.00146409678767082
"Comma",2022,127,0.00130563948393387
"Comma",2022,128,0.00116578099870889
"Comma",2022,129,0.00104303113248682
"Comma",2022,130,0.000935741865055469
"Comma",2022,131,0.000842244302568059
"Comma",2022,132,0.00076100327370241
"Comma",2022,133,0.000690628630736964
"Comma",2022,134,0.000629876536870938
"Comma",2022,135,0.000577646666250802
"Comma",2022,136,0.000532976779079175
"Comma",2022,137,0.00049503587114474
"Comma",2022,138,0.000463116874438226
"Comma",2022,139,0.000436629710385919
"Comma",2022,140,0.000415095374073288
"Comma",2022,141,0.000398141660327471
"Comma",2022,142,0.00038550113553923
"Comma",2022,143,0.000377012020736688
"Comma",2022,144,0.000372622795488021
"Comma",2022,145,0.000372401581522536
"Comma",2022,146,0.000376551756085686
"Comma",2022,147,0.000385435835509738
"Comma",2022,148,0.000399610549020674
"Comma",2022,149,0.000419877331225098
"Comma",2022,150,0.000447349769662918
"Comma",2022,151,0.000483258218673173
"Comma",2022,152,0.000528769997153899
"Comma",2022,153,0.000585358693508305
"Comma",2022,154,0.00065487323043877
"Comma",2022,155,0.000739578856126402
"Comma",2022,156,0.00084220148844164
"Comma",2022,157,0.000965970754433886
"Comma",2022,158,0.00111465531866398
"Comma",2022,159,0.00129258179375938
"Comma",2022,160,0.00150462574849609
"Comma",2022,161,0.00175616025379538
"Comma",2022,162,0.00205294437901254
"Comma",2022,163,0.00240093163181085
"Comma",2022,164,0.00280597734778347
"Comma",2022,165,0.00327342557331371
"Comma",2022,166,0.00380756135365719
"Comma",2022,167,0.00441092490550232
"Comma",2022,168,0.00508350106548065
"Comma",2022,169,0.00582182116276828
"Comma",2022,170,0.00661804437282845
"Comma",2022,171,0.00745912171180313
"Comma",2022,172,0.00832895931805597
"Comma",2022,173,0.00921542028200858
"Comma",2022,174,0.0101067618475003
"Comma",2022,175,0.0109908813350123
"Comma",2022,176,0.0118557143781684
"Comma",2022,177,0.0126896247760626
"Comma",2022,178,0.0134817663979728
"Comma",2022,179,0.0142224003960671
"Comma",2022,180,0.0149031547595983
"Comma",2022,181,0.0155172175925446
"Comma",2022,182,0.0160594600195996
"Comma",2022,183,0.0165264889586725
"Comma",2022,184,0.0169166338401181
"Comma",2022,185,0.0172298744843802
"Comma",2022,186,0.017467719641288
"Comma",2022,187,0.017633047104124
"Comma",2022,188,0.0177299168747101
"Comma",2022,189,0.0177633686674629
"Comma",2022,190,0.017739214237228
"Comma",2022,191,0.0176638337563811
"Comma",2022,192,0.0175439839144743
"Comma",2022,193,0.0173857010414027
"Comma",2022,194,0.0171900061955256
"Comma",2022,195,0.0169564122360952
"Comma",2022,196,0.0166847702296396
"Comma",2022,197,0.016375291819779
"Comma",2022,198,0.0160285650304084
"Comma",2022,199,0.0156455645858879
"Comma",2022,200,0.0152276560954906
"Comma",2022,201,0.0147765935602995
"Comma",2022,202,0.014294509799581
"Comma",2022,203,0.0137838995580542
"Comma",2022,204,0.0132475952417752
"Comma",2022,205,0.0126887354335304
"Comma",2022,206,0.0121107265524134
"Comma",2022,207,0.0115171982392953
"Comma",2022,208,0.0109119532619818
"Comma",2022,209,0.0102989129323137
"Comma",2022,210,0.00968205920348175
"Comma",2022,211,0.00906537476092891
"Comma",2022,212,0.0084527825267021
"Comma",2022,213,0.00784808605854862
"Comma",2022,214,0.00725524418560156
"Comma",2022,215,0.00668143184377703
"Comma",2022,216,0.00613437447407481
"Comma",2022,217,0.0056196690781134
"Comma",2022,218,0.00514099760430143
"Comma",2022,219,0.00470042086851351
"Comma",2022,220,0.00429868140939782
"Comma",2022,221,0.00393549555293748
"Comma",2022,222,0.0036098215247645
"Comma",2022,223,0.00332009611198602
"Comma",2022,224,0.00306443693148728
"Comma",2022,225,0.00284081079167633
"Comma",2022,226,0.00264717104925722
"Comma",2022,227,0.00248156844471671
"Comma",2022,228,0.0023422408653027
"Comma",2022,229,0.0022276880546816
"Comma",2022,230,0.00213673768106286
"Comma",2022,231,0.00206860960164069
"Comma",2022,232,0.00202298583726115
"Comma",2022,233,0.00200009494121483
"Comma",2022,234,0.00200082141717455
"Comma",2022,235,0.00202678957785582
"Comma",2022,236,0.00207862134603085
"Comma",2022,237,0.00215549965544792
"Comma",2022,238,0.00225703803870118
"Comma",2022,239,0.00238320080214491
"Comma",2022,240,0.00253411151844253
"Comma",2022,241,0.00270985859669287
"Comma",2022,242,0.00291028718896722
"Comma",2022,243,0.00313477134663371
"Comma",2022,244,0.00338196558282384
"Comma",2022,245,0.00364954131466156
"Comma",2022,246,0.0039339212544929
"Comma",2022,247,0.00423003351936902
"Comma",2022,248,0.00453111636034538
"Comma",2022,249,0.00482861270514496
"Comma",2022,250,0.00511219926013347
"Comma",2022,251,0.00536999532540842
"Comma",2022,252,0.00558898916518982
"Comma",2022,253,0.0057557025875684
"Comma",2022,254,0.00585708639393552
"Comma",2022,255,0.00588160175824671
"Comma",2022,256,0.0058204188853013
"Comma",2022,257,0.00567161625653041
"Comma",2022,258,0.00544372715279048
"Comma",2022,259,0.0051490590281943
"Comma",2022,260,0.00480182687422263
"Comma",2022,261,0.00441710098235817
"Comma",2022,262,0.00400982535425799
"Comma",2022,263,0.00359398270481393
"Comma",2022,264,0.00318195475725569
"Comma",2022,265,0.00278409856504042
"Comma",2022,266,0.0024085346452853
"Comma",2022,267,0.00206112328954608
"Comma",2022,268,0.00174559271788285
"Comma",2022,269,0.00146377675719263
"Comma",2022,270,0.00121591955534014
"Comma",2022,271,0.00100100905683816
"Comma",2022,272,0.000817107947077073
"Comma",2022,273,0.000661658996982548
"Comma",2022,274,0.000531749961128668
"Comma",2022,275,0.00042433051517995
